,customer_id,0,1,predicted
0,2592-HODOV,0.8845528727845868,0.11544712721541284,0
1,7426-GSWPO,0.7018522621116481,0.2981477378883523,0
2,9378-FXTIZ,0.9106478754100077,0.08935212458999221,0
3,1017-FBQMM,0.8187311309228238,0.18126886907717613,0
4,1193-RTSLK,0.6869495392174898,0.31305046078251075,0
5,9589-ABEPT,0.914452470380406,0.08554752961959382,0
6,1254-IZEYF,0.5517153080897532,0.4482846919102468,0
7,8605-ITULD,0.647702353238047,0.3522976467619532,0
8,0396-YCHWO,0.5517153080897532,0.4482846919102468,0
9,5480-TBGPH,0.6365696203488475,0.3634303796511525,0
10,0625-AFOHS,0.9616212000936281,0.03837879990637184,0
11,3148-BLQJT,0.647702353238047,0.3522976467619532,0
12,8161-QYMTT,0.40206260054404985,0.59793739945595,1
13,9081-WWXKP,0.9617141653944199,0.03828583460558007,0
14,0495-RVCBF,0.35139813560938554,0.6486018643906144,1
15,6837-BJYDQ,0.8385687594057438,0.16143124059425595,0
16,1370-GGAWX,0.7372923650450737,0.26270763495492583,0
17,9357-UJRUN,0.8730631088547465,0.12693689114525292,0
18,7729-JTEEC,0.5346673139470205,0.4653326860529796,0
19,0362-ZBZWJ,0.5517153080897532,0.4482846919102468,0
20,5353-WILCI,0.759553920377359,0.24044607962264064,0
21,8590-YFFQO,0.9678772789635,0.03212272103650045,0
22,8774-GSBUN,0.9665427751371151,0.03345722486288512,0
23,7319-VENRZ,0.7300960629816483,0.2699039370183512,0
24,4701-AHWMW,0.814421989609007,0.185578010390993,0
25,3256-EZDBI,0.811303121823411,0.18869687817658903,0
26,1544-JJMYL,0.9179335682374827,0.08206643176251709,0
27,3174-RKMOW,0.5517153080897532,0.4482846919102468,0
28,3537-HPKQT,0.6546829101311278,0.34531708986887216,0
29,4503-BDXBD,0.4222705156207322,0.5777294843792675,1
30,4588-YBNIB,0.647702353238047,0.3522976467619532,0
31,0696-UKTOX,0.7234404957050952,0.27655950429490433,0
32,8634-MPHTR,0.5517153080897532,0.4482846919102468,0
33,0308-IVGOK,0.8833837306615991,0.11661626933840052,0
34,2897-DOVND,0.3754252961218844,0.6245747038781154,1
35,9985-MWVIX,0.4599568856172291,0.540043114382771,1
36,6390-DSAZX,0.5232387573995263,0.47676124260047376,0
37,3914-FDRHP,0.41454927781918177,0.585450722180818,1
38,6625-FLENO,0.9623178088315453,0.03768219116845493,0
39,9711-FJTBX,0.815993701797405,0.1840062982025948,0
40,4163-KIUHY,0.7409971600346198,0.25900283996537965,0
41,0709-TVGUR,0.41454927781918177,0.585450722180818,1
42,1309-XGFSN,0.8686656789433418,0.13133432105665774,0
43,3612-YUNGG,0.9125519866481935,0.08744801335180644,0
44,0036-IHMOT,0.815993701797405,0.1840062982025948,0
45,2954-PIBKO,0.967358792226237,0.03264120777376342,0
46,2193-SFWQW,0.9302495109082902,0.06975048909170967,0
47,9891-NQDBD,0.9156336038736902,0.08436639612630932,0
48,9987-LUTYD,0.8909856295773387,0.10901437042266102,0
49,7377-DMMRI,0.5665560939870944,0.4334439060129056,0
50,5481-NTDOH,0.831808980595401,0.16819101940459916,0
51,5482-VXSXJ,0.6377657627833802,0.3622342372166198,0
52,9107-UKCKY,0.8685959801508542,0.13140401984914538,0
53,0536-ESJEP,0.9632775703308547,0.036722429669145656,0
54,5515-RUGKN,0.7402110828010747,0.25978891719892483,0
55,1536-HBSWP,0.5136255936106198,0.4863744063893802,0
56,9800-OUIGR,0.9655835285832842,0.03441647141671596,0
57,3873-NFTGI,0.7595355002400284,0.24046449975997125,0
58,4137-BTIKL,0.533452407089553,0.4665475929104472,0
59,9079-YEXQJ,0.5621744061265419,0.43782559387345815,0
60,4695-WJZUE,0.3754252961218844,0.6245747038781154,1
61,9068-FHQHD,0.9616212000936281,0.03837879990637184,0
62,9667-EQRXU,0.7409971600346198,0.25900283996537965,0
63,0883-EIBTI,0.6549305627519751,0.34506943724802475,0
64,7995-ZHHNZ,0.9128720069531648,0.08712799304683484,0
65,9239-ZBZZV,0.6074546015465971,0.3925453984534028,0
66,8677-HDZEE,0.6546829101311278,0.34531708986887216,0
67,5260-UMPWX,0.8091084920203351,0.19089150797966487,0
68,4016-BJKTZ,0.8370762031424926,0.16292379685750716,0
69,0318-ZOPWS,0.9620113048436497,0.0379886951563504,0
70,4446-BZKHU,0.5635694630382143,0.4364305369617857,0
71,4671-LXRDQ,0.6549305627519751,0.34506943724802475,0
72,1986-PHGZF,0.8203129110017113,0.17968708899828836,0
73,6671-NGWON,0.7300960629816483,0.2699039370183512,0
74,6749-UTDVX,0.858912129553415,0.1410878704465848,0
75,7978-DKUQH,0.5341870069701375,0.46581299302986245,0
76,6347-DCUIK,0.5300399214001742,0.4699600785998259,0
77,0628-CNQRM,0.9125322106215205,0.08746778937847904,0
78,2514-GINMM,0.35139813560938554,0.6486018643906144,1
79,7781-HVGMK,0.9686888763027433,0.03131112369725703,0
80,2038-YSEZE,0.8328715691815922,0.16712843081840778,0
81,8982-NHAVY,0.8142162118510232,0.18578378814897653,0
82,7873-CVMAW,0.9686888763027433,0.03131112369725703,0
83,1488-SYSFC,0.7409971600346198,0.25900283996537965,0
84,0487-CRLZF,0.9620113048436497,0.0379886951563504,0
85,3716-BDVDB,0.35139813560938554,0.6486018643906144,1
86,9885-MFVSU,0.9622893777357358,0.037710622264264304,0
87,9330-IJWIO,0.4719945075210719,0.5280054924789279,1
88,1089-HDMKP,0.6361257570431867,0.363874242956813,0
89,4656-CAURT,0.9655943704499217,0.03440562955007852,0
90,8200-KLNYW,0.9125322106215205,0.08746778937847904,0
91,8433-WXGNA,0.4374476012185881,0.5625523987814117,1
92,2684-EIWEO,0.6869495392174898,0.31305046078251075,0
93,0136-IFMYD,0.8549331912183779,0.1450668087816219,0
94,6145-NNPNO,0.647702353238047,0.3522976467619532,0
95,6815-ABQFQ,0.7432723784823214,0.25672762151767814,0
96,5027-YOCXN,0.8300995811169691,0.16990041888303092,0
97,5081-NWSUP,0.883513360291229,0.11648663970877089,0
98,3091-FYHKI,0.5136255936106198,0.4863744063893802,0
99,8421-WZOOW,0.6546829101311278,0.34531708986887216,0
100,6171-ZTVYB,0.8328715691815922,0.16712843081840778,0
101,5575-GNVDE,0.9138157060702387,0.08618429392976111,0
102,2696-RZVZW,0.9655943704499217,0.03440562955007852,0
103,5837-LXSDN,0.9084221271147029,0.09157787288529637,0
104,3249-VHRIP,0.9655835285832842,0.03441647141671596,0
105,3411-WLRSQ,0.4738569956951087,0.5261430043048914,1
106,2799-TSLAG,0.9655835285832842,0.03441647141671596,0
107,5697-GOMBF,0.7385217362268541,0.2614782637731453,0
108,7102-JJVTX,0.883435756319663,0.1165642436803369,0
109,8218-FFJDS,0.9686888763027433,0.03131112369725703,0
110,0678-RLHVP,0.8534195903047086,0.14658040969529135,0
111,3580-HYCSP,0.9302495109082902,0.06975048909170967,0
112,3688-FTHLT,0.7669524554770419,0.23304754452295778,0
113,9820-RMCQV,0.7859025041213654,0.21409749587863453,0
114,1325-USMEC,0.926402718646805,0.07359728135319489,0
115,7876-BEUTG,0.7595355002400284,0.24046449975997125,0
116,4415-WNGVR,0.8084903795167472,0.1915096204832526,0
117,7853-OETYL,0.6051488439141823,0.3948511560858178,0
118,0231-LXVAP,0.35139813560938554,0.6486018643906144,1
119,9121-PHQSR,0.5520358950738236,0.4479641049261766,0
120,6873-UDNLD,0.7620293441851247,0.23797065581487495,0
121,7244-QWYHG,0.9139758694207869,0.08602413057921306,0
122,9541-PWTWO,0.9626381220275226,0.03736187797247756,0
123,6896-SRVYQ,0.5517153080897532,0.4482846919102468,0
124,1498-NHTLT,0.9231210847785458,0.07687891522145429,0
125,2792-VPPET,0.5414888199612836,0.4585111800387164,0
126,6635-MYYYZ,0.9179335682374827,0.08206643176251709,0
127,0604-THJFP,0.9628460994578656,0.037153900542134646,0
128,2126-GSEGL,0.9661128571871846,0.03388714281281555,0
129,3571-RFHAR,0.5635694630382143,0.4364305369617857,0
130,5245-VDBUR,0.9139758694207869,0.08602413057921306,0
131,1535-VTJOQ,0.9588783590293284,0.04112164097067151,0
132,8548-AWOFC,0.7472829503805994,0.2527170496194001,0
133,3930-ZGWVE,0.647702353238047,0.3522976467619532,0
134,9746-UGFAC,0.9084221271147029,0.09157787288529637,0
135,8382-SHQEH,0.40968522486835873,0.5903147751316411,1
136,2141-RRYGO,0.7049074487769047,0.29509255122309497,0
137,7571-YXDAD,0.47017053530725567,0.5298294646927443,1
138,4973-MGTON,0.9686888763027433,0.03131112369725703,0
139,5730-DBDSI,0.9655835285832842,0.03441647141671596,0
140,3021-VLNRJ,0.9139758694207869,0.08602413057921306,0
141,8627-EHGIP,0.9105720425893726,0.08942795741062709,0
142,2265-CYWIV,0.4544342863580958,0.5455657136419039,1
143,3978-YNKDD,0.9538018118674623,0.046198188132537545,0
144,0295-PPHDO,0.35139813560938554,0.6486018643906144,1
145,1877-HKBQX,0.889816487454351,0.11018351254564868,0
146,4070-OKWVH,0.6527477728838875,0.3472522271161126,0
147,3005-NFMTA,0.6107663077327444,0.3892336922672557,0
148,8707-HOEDG,0.8570422547764808,0.14295774522351895,0
149,8566-YPRGL,0.647702353238047,0.3522976467619532,0
150,2208-MPXIO,0.9616212000936281,0.03837879990637184,0
151,3520-FJGCV,0.9302495109082902,0.06975048909170967,0
152,3292-PBZEJ,0.4222705156207322,0.5777294843792675,1
153,9730-DRTMJ,0.9160875569221136,0.0839124430778862,0
154,2796-UUZZO,0.6557373089019631,0.34426269109803664,0
155,8268-YDIXR,0.7633155140550454,0.23668448594495445,0
156,6518-KZXCB,0.9533355420261924,0.04666445797380739,0
157,3900-AQPHZ,0.647702353238047,0.3522976467619532,0
158,0064-YIJGF,0.6433647743008872,0.3566352256991129,0
159,2194-IIQOF,0.9686888763027433,0.03131112369725703,0
160,2877-VDUER,0.9115157417064463,0.08848425829355336,0
161,4795-UXVCJ,0.9156336038736902,0.08436639612630932,0
162,1597-LHYNC,0.5854946511941257,0.41450534880587453,0
163,8003-EWNDZ,0.6336904899176542,0.36630951008234564,0
164,3810-DVDQQ,0.9302495109082902,0.06975048909170967,0
165,9398-MMQTO,0.4738569956951087,0.5261430043048914,1
166,4462-CYWMH,0.6557373089019631,0.34426269109803664,0
167,0107-YHINA,0.35139813560938554,0.6486018643906144,1
168,7785-RDVIG,0.6614189743026863,0.3385810256973135,0
169,0572-ZJKLT,0.9104716801133137,0.08952831988668632,0
170,3640-JQGJG,0.7595355002400284,0.24046449975997125,0
171,5057-LCOUI,0.7409971600346198,0.25900283996537965,0
172,0749-IRGQE,0.6361257570431867,0.363874242956813,0
173,0506-YLVKJ,0.9592727333899461,0.0407272666100539,0
174,2960-NKRSO,0.5341870069701375,0.46581299302986245,0
175,2990-HWIML,0.40206260054404985,0.59793739945595,1
176,3417-TSCIC,0.9156336038736902,0.08436639612630932,0
177,4587-VVTOX,0.40206260054404985,0.59793739945595,1
178,4236-UJPWO,0.5346673139470205,0.4653326860529796,0
179,5392-AKEMH,0.6361257570431867,0.363874242956813,0
180,5553-AOINX,0.7432661450714132,0.2567338549285864,0
181,8734-FNWVH,0.8091084920203351,0.19089150797966487,0
182,6810-VCAEX,0.9137999662807313,0.08620003371926858,0
183,9851-KIELU,0.468464732467715,0.5315352675322849,1
184,0847-HGRML,0.9655835285832842,0.03441647141671596,0
185,2172-EJXVF,0.7483610139495259,0.25163898605047363,0
186,2239-CGBUZ,0.9139758694207869,0.08602413057921306,0
187,3069-SSVSN,0.8326378002800147,0.16736219971998512,0
188,9600-UDOPK,0.6433647743008872,0.3566352256991129,0
189,3858-XHYJO,0.8222325002392826,0.1777674997607174,0
190,3096-IZETN,0.5335696964535313,0.4664303035464689,0
191,9053-EJUNL,0.5517153080897532,0.4482846919102468,0
192,5915-DGNVC,0.8727230878000105,0.12727691219998918,0
193,6519-CFDBX,0.5346673139470205,0.4653326860529796,0
194,0932-YIXYU,0.9617141653944199,0.03828583460558007,0
195,9057-MSWCO,0.8328715691815922,0.16712843081840778,0
196,2014-MKGMH,0.7372923650450737,0.26270763495492583,0
197,1575-KRZZE,0.6051488439141823,0.3948511560858178,0
198,1833-VGRUM,0.35139813560938554,0.6486018643906144,1
199,5945-AZYHT,0.7688462903129922,0.23115370968700735,0
200,4906-ZHGPK,0.8676376492963549,0.13236235070364466,0
201,8621-MNIHH,0.5517153080897532,0.4482846919102468,0
202,8668-KNZTI,0.8727230878000105,0.12727691219998918,0
203,6097-EQISJ,0.8187311309228238,0.18126886907717613,0
204,3870-SPZSI,0.926402718646805,0.07359728135319489,0
205,4614-NUVZD,0.35139813560938554,0.6486018643906144,1
206,3174-AKMAS,0.9592727333899461,0.0407272666100539,0
207,5985-TBABQ,0.9160875569221136,0.0839124430778862,0
208,7614-QVWQL,0.9108168672635425,0.08918313273645724,0
209,9610-WCESF,0.9245161416902181,0.07548385830978187,0
210,8630-QSGXK,0.9626381220275226,0.03736187797247756,0
211,3870-MQAMG,0.7432723784823214,0.25672762151767814,0
212,4118-CEVPF,0.8231761993563563,0.17682380064364367,0
213,4311-QTTAI,0.885333189545588,0.11466681045441172,0
214,4537-CIBHB,0.877002999526911,0.12299700047308874,0
215,0781-LKXBR,0.41454927781918177,0.585450722180818,1
216,4750-ZRXIU,0.39216934900050426,0.6078306509994956,1
217,6298-QDFNH,0.5161985568923665,0.4838014431076335,0
218,0484-JPBRU,0.8091084920203351,0.19089150797966487,0
219,9577-WJVCQ,0.8422059274732692,0.157794072526731,0
220,2129-ALKBS,0.7409971600346198,0.25900283996537965,0
221,1816-FLZDK,0.647702353238047,0.3522976467619532,0
222,4486-EFAEB,0.6361257570431867,0.363874242956813,0
223,8845-LWKGE,0.8753161692315055,0.12468383076849383,0
224,2223-KAGMX,0.7595355002400284,0.24046449975997125,0
225,3941-XTSKM,0.9105720425893726,0.08942795741062709,0
226,4998-IKFSE,0.5517153080897532,0.4482846919102468,0
227,1937-OTUKY,0.9302495109082902,0.06975048909170967,0
228,5018-HEKFO,0.7571002331144957,0.24289976688550385,0
229,2038-OEQZH,0.39216934900050426,0.6078306509994956,1
230,0315-LVCRK,0.4222705156207322,0.5777294843792675,1
231,1389-WNUIB,0.9125322106215205,0.08746778937847904,0
232,9372-TXXPS,0.9666772381402855,0.03332276185971482,0
233,7560-QRBXH,0.9115000019169388,0.08849999808306083,0
234,6479-OAUSD,0.9137848441547497,0.08621515584524969,0
235,8685-WHQPW,0.6377657627833802,0.3622342372166198,0
236,9638-JIQYA,0.6549305627519751,0.34506943724802475,0
237,6974-DAFLI,0.8676376492963549,0.13236235070364466,0
238,1866-NXPSP,0.9138157060702387,0.08618429392976111,0
239,4817-KEQSP,0.9665427751371151,0.03345722486288512,0
240,5791-KAJFD,0.9129478397738002,0.08705216022619996,0
241,6475-VHUIZ,0.7234404957050952,0.27655950429490433,0
242,3672-YITQD,0.5517153080897532,0.4482846919102468,0
243,8559-WNQZS,0.8897471072097979,0.11025289279020235,0
244,1680-VDCWW,0.8833837306615991,0.11661626933840052,0
245,7113-HIPFI,0.9666772381402855,0.03332276185971482,0
246,7729-XBTWX,0.9655835285832842,0.03441647141671596,0
247,0650-BWOZN,0.5042544935151415,0.4957455064848585,0
248,7096-ZNBZI,0.9665427751371151,0.03345722486288512,0
249,2200-DSAAL,0.9224636235770034,0.0775363764229966,0
250,0795-GMVQO,0.831808980595401,0.16819101940459916,0
251,1240-KNSEZ,0.647702353238047,0.3522976467619532,0
252,4967-WPNCF,0.9686888763027433,0.03131112369725703,0
253,2135-RXIHG,0.5136255936106198,0.4863744063893802,0
254,1925-TIBLE,0.40206260054404985,0.59793739945595,1
255,7950-XWOVN,0.7595355002400284,0.24046449975997125,0
256,0129-KPTWJ,0.5635694630382143,0.4364305369617857,0
257,0214-JHPFW,0.9661128571871846,0.03388714281281555,0
258,8006-PYCSW,0.6549305627519751,0.34506943724802475,0
259,8087-LGYHQ,0.41454927781918177,0.585450722180818,1
260,1334-FJSVR,0.5136255936106198,0.4863744063893802,0
261,5828-DWPIL,0.6121613646444168,0.38783863535558327,0
262,8224-IVVPA,0.8328715691815922,0.16712843081840778,0
263,6519-ZHPXP,0.9302495109082902,0.06975048909170967,0
264,1096-ADRUX,0.8187311309228238,0.18126886907717613,0
265,8593-WHYHV,0.37944485097328945,0.6205551490267104,1
266,9710-NJERN,0.9616212000936281,0.03837879990637184,0
267,6072-NUQCB,0.9084221271147029,0.09157787288529637,0
268,4521-YEEHE,0.5042544935151415,0.4957455064848585,0
269,8058-INTPH,0.35139813560938554,0.6486018643906144,1
270,6134-KWTBV,0.9655835285832842,0.03441647141671596,0
271,0750-EBAIU,0.7643435437020321,0.23565645629796753,0
272,3282-ZISZV,0.9137875925583212,0.08621240744167843,0
273,6128-DAFVY,0.814421989609007,0.185578010390993,0
274,1173-XZPYF,0.4222705156207322,0.5777294843792675,1
275,6907-FLBER,0.5136255936106198,0.4863744063893802,0
276,5696-QURRL,0.647702353238047,0.3522976467619532,0
277,4647-XXZAM,0.7300960629816483,0.2699039370183512,0
278,5364-XYIRR,0.559055538340946,0.4409444616590541,0
279,8824-RWFXJ,0.6614189743026863,0.3385810256973135,0
280,1447-PJGGA,0.8530389408970735,0.14696105910292626,0
281,5708-EVONK,0.7007978633408126,0.2992021366591877,0
282,0303-WMMRN,0.7245676803732952,0.27543231962670406,0
283,6927-WTFIV,0.63513155506055,0.3648684449394501,0
284,9488-FYQAU,0.9125519866481935,0.08744801335180644,0
285,4228-ZGYUW,0.39216934900050426,0.6078306509994956,1
286,4282-YMKNA,0.41454927781918177,0.585450722180818,1
287,3585-ISXZP,0.5135551953451407,0.48644480465485934,0
288,7538-GWHML,0.3754252961218844,0.6245747038781154,1
289,5917-RYRMG,0.9137875925583212,0.08621240744167843,0
290,9903-LYSAB,0.5042544935151415,0.4957455064848585,0
291,6923-AQONU,0.9588783590293284,0.04112164097067151,0
292,3629-WEAAM,0.7402110828010747,0.25978891719892483,0
293,4737-HOBAX,0.9655835285832842,0.03441647141671596,0
294,5220-AGAAX,0.9655943704499217,0.03440562955007852,0
295,5642-MHDQT,0.9116759050569944,0.08832409494300532,0
296,6023-GSSXW,0.9655943704499217,0.03440562955007852,0
297,6549-NNDYT,0.7859025041213654,0.21409749587863453,0
298,9547-ITEFG,0.5184192482959638,0.48158075170403625,0
299,0577-WHMEV,0.48468683702607174,0.515313162973928,1
300,8879-ZKJOF,0.9128720069531648,0.08712799304683484,0
301,1833-TCXKK,0.6433647743008872,0.3566352256991129,0
302,7969-FFOWG,0.9655835285832842,0.03441647141671596,0
303,7147-AYBAA,0.6433647743008872,0.3566352256991129,0
304,7623-HKYRK,0.7300960629816483,0.2699039370183512,0
305,0343-QLUZP,0.9666772381402855,0.03332276185971482,0
306,1328-EUZHC,0.9505453259338917,0.04945467406610819,0
307,5937-EORGB,0.4744911464438852,0.5255088535561147,1
308,2081-VEYEH,0.37944485097328945,0.6205551490267104,1
309,4854-SSLTN,0.9037375042863904,0.09626249571360988,0
310,1353-GHZOS,0.9125322106215205,0.08746778937847904,0
311,8563-OYMQY,0.5805772304863966,0.41942276951360363,0
312,2839-RFSQE,0.6549305627519751,0.34506943724802475,0
313,2674-MIAHT,0.4911797352188287,0.5088202647811711,1
314,6620-JDYNW,0.8203129110017113,0.17968708899828836,0
315,1215-EXRMO,0.9626381220275226,0.03736187797247756,0
316,9208-OLGAQ,0.5042544935151415,0.4957455064848585,0
317,3551-GAEGL,0.9138157060702387,0.08618429392976111,0
318,9681-OXGVC,0.39319782487245836,0.6068021751275414,1
319,0620-XEFWH,0.7049074487769047,0.29509255122309497,0
320,8219-VYBVI,0.9616212000936281,0.03837879990637184,0
321,7608-RGIRO,0.9655835285832842,0.03441647141671596,0
322,9844-FELAJ,0.7464291807338218,0.25357081926617786,0
323,6646-QVXLR,0.7432661450714132,0.2567338549285864,0
324,3753-TSEMP,0.4247671545435455,0.5752328454564541,1
325,9178-JHUVJ,0.9588783590293284,0.04112164097067151,0
326,4837-PZTIC,0.9628078749514212,0.03719212504857891,0
327,7363-QTBIW,0.41454927781918177,0.585450722180818,1
328,6813-GZQCG,0.9616212000936281,0.03837879990637184,0
329,6032-KRXXO,0.5517153080897532,0.4482846919102468,0
330,8457-XIGKN,0.7998546087737007,0.20014539122629899,0
331,9661-MHUMO,0.647702353238047,0.3522976467619532,0
332,0486-HECZI,0.6107663077327444,0.3892336922672557,0
333,0396-HUJBP,0.6549305627519751,0.34506943724802475,0
334,5153-LXKDT,0.8709518677567956,0.12904813224320444,0
335,9734-YWGEX,0.5184192482959638,0.48158075170403625,0
336,2260-USTRB,0.47017053530725567,0.5298294646927443,1
337,7311-MQJCH,0.7636337343284432,0.23636626567155666,0
338,2990-OGYTD,0.9655835285832842,0.03441647141671596,0
339,0979-PHULV,0.6557373089019631,0.34426269109803664,0
340,8985-OOPOS,0.8326378002800147,0.16736219971998512,0
341,2834-JRTUA,0.8762287112307046,0.12377128876929527,0
342,0496-AHOOK,0.9160848085185422,0.08391519148145746,0
343,4592-IWTJI,0.6997751624356239,0.30022483756437596,0
344,5143-EGQFK,0.6336904899176542,0.36630951008234564,0
345,6968-URWQU,0.9105720425893726,0.08942795741062709,0
346,6141-OOXUQ,0.647702353238047,0.3522976467619532,0
347,8999-EXMNO,0.9538018118674623,0.046198188132537545,0
348,0383-CLDDA,0.967358792226237,0.03264120777376342,0
349,4971-PUYQO,0.6433647743008872,0.3566352256991129,0
350,6377-WHAOX,0.5635694630382143,0.4364305369617857,0
351,0218-QNVAS,0.8238259998009366,0.17617400019906335,0
352,9741-YLNTD,0.5034401755257144,0.49655982447428565,0
353,1848-LBZHY,0.7606297753124991,0.2393702246875008,0
354,0899-WZRSD,0.7007978633408126,0.2992021366591877,0
355,4884-LEVMQ,0.9616212000936281,0.03837879990637184,0
356,9495-SKLKD,0.6433647743008872,0.3566352256991129,0
357,9766-HGEDE,0.8981001318628817,0.10189986813711785,0
358,7449-HVPIV,0.6546829101311278,0.34531708986887216,0
359,7143-BQIBA,0.7834672369958328,0.21653276300416713,0
360,6434-TTGJP,0.9336820651906979,0.06631793480930229,0
361,7077-XJMET,0.6361257570431867,0.363874242956813,0
362,8180-AKMJV,0.647702353238047,0.3522976467619532,0
363,7010-BRBUU,0.9665427751371151,0.03345722486288512,0
364,3911-RSNHI,0.9665427751371151,0.03345722486288512,0
365,9788-YTFGE,0.7300960629816483,0.2699039370183512,0
366,2511-MORQY,0.9116759050569944,0.08832409494300532,0
367,9244-ZVAPM,0.647702353238047,0.3522976467619532,0
368,0376-OIWME,0.5977770214028735,0.4022229785971267,0
369,8098-TDCBU,0.9230264868838219,0.07697351311617773,0
370,5248-KWLAR,0.9265277798526759,0.07347222014732409,0
371,5843-TTHGI,0.7964337706414851,0.20356622935851462,0
372,4644-OBGFZ,0.9106478754100077,0.08935212458999221,0
373,0637-YLETY,0.5520358950738236,0.4479641049261766,0
374,1471-GIQKQ,0.5136255936106198,0.4863744063893802,0
375,9432-VOFYX,0.4622971605893131,0.5377028394106868,1
376,3757-NJYBX,0.6433647743008872,0.3566352256991129,0
377,3746-EUBYR,0.4599568856172291,0.540043114382771,1
378,6692-UDPJC,0.4222705156207322,0.5777294843792675,1
379,9975-SKRNR,0.647702353238047,0.3522976467619532,0
380,8007-YYPWD,0.9299206076129886,0.07007939238701139,0
381,7130-VTEWQ,0.40968522486835873,0.5903147751316411,1
382,8313-AFGBW,0.9231194521846138,0.07688054781538595,0
383,5084-OOVCJ,0.7983858186300745,0.2016141813699257,0
384,6035-RIIOM,0.91019520693041,0.08980479306959019,0
385,1703-MGIAB,0.7734830734005255,0.22651692659947426,0
386,2379-GYFLQ,0.8091546505667054,0.19084534943329431,0
387,4056-QHXHZ,0.9302495109082902,0.06975048909170967,0
388,8869-LIHMK,0.9217224591371754,0.07827754086282442,0
389,8295-KMENE,0.963939809014867,0.0360601909851335,0
390,6339-DKLMK,0.6361257570431867,0.363874242956813,0
391,3721-CNEYS,0.3754252961218844,0.6245747038781154,1
392,7446-KQISO,0.9035449213574073,0.0964550786425929,0
393,2251-PYLPB,0.9686888763027433,0.03131112369725703,0
394,6513-EECDB,0.35139813560938554,0.6486018643906144,1
395,1676-MQAOA,0.9686888763027433,0.03131112369725703,0
396,6855-VLGOS,0.9218167901689586,0.07818320983104128,0
397,9644-KVCNC,0.8187311309228238,0.18126886907717613,0
398,5884-GCYMI,0.4599568856172291,0.540043114382771,1
399,3324-OIRTO,0.8373459902642562,0.16265400973574384,0
400,4472-VESGY,0.6963325378004899,0.30366746219951046,0
401,8777-PVYGU,0.9139758694207869,0.08602413057921306,0
402,7989-VCQOH,0.7035092375640645,0.29649076243593536,0
403,1207-BLKSA,0.9626381220275226,0.03736187797247756,0
404,3325-FUYCG,0.7640216879333219,0.23597831206667771,0
405,1679-JRFBR,0.8354141570485519,0.16458584295144804,0
406,4573-JKNAE,0.9287514654900009,0.07124853450999907,0
407,7825-ECJRF,0.5564573609387905,0.4435426390612097,0
408,4929-ROART,0.8203129110017113,0.17968708899828836,0
409,2892-GESUL,0.9505453259338917,0.04945467406610819,0
410,1492-QGCLU,0.7670788550261867,0.2329211449738132,0
411,5465-BUBFA,0.9616212000936281,0.03837879990637184,0
412,4211-MMAZN,0.647702353238047,0.3522976467619532,0
413,2832-KJCRD,0.5517153080897532,0.4482846919102468,0
414,7239-HZZCX,0.647702353238047,0.3522976467619532,0
415,0723-DRCLG,0.35139813560938554,0.6486018643906144,1
416,7634-WSWDB,0.6453419264853966,0.3546580735146032,0
417,6473-ULUHT,0.6616033725282604,0.3383966274717395,0
418,0895-LMRSF,0.9137848441547497,0.08621515584524969,0
419,0257-KXZGU,0.8091084920203351,0.19089150797966487,0
420,0581-BXBUB,0.39216934900050426,0.6078306509994956,1
421,5916-QEWPT,0.6549305627519751,0.34506943724802475,0
422,7169-YWAMK,0.9686888763027433,0.03131112369725703,0
423,3714-NTNFO,0.5517153080897532,0.4482846919102468,0
424,1699-HPSBG,0.8040366933132304,0.19596330668676942,0
425,4317-VTEOA,0.5136255936106198,0.4863744063893802,0
426,2642-MAWLJ,0.9616212000936281,0.03837879990637184,0
427,5495-GPSRW,0.9533355420261924,0.04666445797380739,0
428,0744-BIKKF,0.9686888763027433,0.03131112369725703,0
429,0080-OROZO,0.7382360641621475,0.26176393583785207,0
430,0727-IWKVK,0.41454927781918177,0.585450722180818,1
431,3389-YGYAI,0.40968522486835873,0.5903147751316411,1
432,6265-FRMTQ,0.9616212000936281,0.03837879990637184,0
433,4813-HQMGZ,0.40968522486835873,0.5903147751316411,1
434,3957-SQXML,0.9616212000936281,0.03837879990637184,0
435,8166-ZZTFS,0.9655835285832842,0.03441647141671596,0
436,2485-ITVKB,0.5346673139470205,0.4653326860529796,0
437,4634-JLRJT,0.647702353238047,0.3522976467619532,0
438,1167-OYZJF,0.9655835285832842,0.03441647141671596,0
439,1200-TUZHR,0.40968522486835873,0.5903147751316411,1
440,0771-CHWSK,0.9666772381402855,0.03332276185971482,0
441,6122-LJADA,0.9678772789635,0.03212272103650045,0
442,1307-TVUFB,0.6433647743008872,0.3566352256991129,0
443,0078-XZMHT,0.9665427751371151,0.03345722486288512,0
444,7787-BNTZM,0.7300960629816483,0.2699039370183512,0
445,0330-IVZHA,0.39319782487245836,0.6068021751275414,1
446,7716-YTYHG,0.8091546505667054,0.19084534943329431,0
447,8148-WOCMK,0.9236097547503799,0.07639024524962011,0
448,5799-JRCZO,0.9655835285832842,0.03441647141671596,0
449,9548-ZMVTX,0.9200266468106814,0.07997335318931864,0
450,0594-UFTUL,0.7595355002400284,0.24046449975997125,0
451,9866-QEVEE,0.6337380882710586,0.3662619117289416,0
452,1357-BIJKI,0.7391244013556009,0.2608755986443987,0
453,6156-UZDLF,0.8257448384824286,0.17425516151757145,0
454,4110-PFEUZ,0.4599568856172291,0.540043114382771,1
455,1599-EAHXY,0.9143498688008337,0.085650131199166,0
456,8097-OMULG,0.9116124396754153,0.0883875603245847,0
457,2108-GLPQB,0.8072597323013946,0.1927402676986052,0
458,0129-QMPDR,0.9105720425893726,0.08942795741062709,0
459,4685-TFLLS,0.9056666945797456,0.09433330542025394,0
460,8715-KKTFG,0.8187311309228238,0.18126886907717613,0
461,7075-BNDVQ,0.7368054123154846,0.26319458768451515,0
462,0872-CASZJ,0.9139124040392077,0.08608759596079246,0
463,4537-DKTAL,0.5346673139470205,0.4653326860529796,0
464,5393-HJZSM,0.8328715691815922,0.16712843081840778,0
465,8065-BVEPF,0.6557373089019631,0.34426269109803664,0
466,2754-SDJRD,0.5135551953451407,0.48644480465485934,0
467,1834-WULEG,0.9137848441547497,0.08621515584524969,0
468,1704-NRWYE,0.41454927781918177,0.585450722180818,1
469,6885-PKOAM,0.9686888763027433,0.03131112369725703,0
470,4237-RLAQD,0.647702353238047,0.3522976467619532,0
471,4450-YOOHP,0.8091084920203351,0.19089150797966487,0
472,7783-YKGDV,0.5845532550394642,0.41544674496053596,0
473,1088-CNNKB,0.9166498331646262,0.08335016683537376,0
474,6656-JWRQX,0.647702353238047,0.3522976467619532,0
475,4822-LPTYJ,0.9200266468106814,0.07997335318931864,0
476,4232-JGKIY,0.5136255936106198,0.4863744063893802,0
477,5198-HQAEN,0.7382360641621475,0.26176393583785207,0
478,0201-OAMXR,0.8354141570485519,0.16458584295144804,0
479,8746-BFOAJ,0.9084221271147029,0.09157787288529637,0
480,1092-WPIVQ,0.9505453259338917,0.04945467406610819,0
481,4289-DTDKW,0.5517153080897532,0.4482846919102468,0
482,2676-SSLTO,0.9620113048436497,0.0379886951563504,0
483,3320-VEOYC,0.4222705156207322,0.5777294843792675,1
484,1088-AUUZZ,0.9629752447494595,0.03702475525054101,0
485,9396-ZSFLL,0.7595355002400284,0.24046449975997125,0
486,0859-YGKFW,0.9056666945797456,0.09433330542025394,0
487,1038-RQOST,0.7969093499935458,0.20309065000645382,0
488,5345-BMKWB,0.7402110828010747,0.25978891719892483,0
489,1709-EJDOX,0.9617141653944199,0.03828583460558007,0
490,8861-HGGKB,0.4187407405673753,0.5812592594326244,1
491,7860-KSUGX,0.9686888763027433,0.03131112369725703,0
492,0862-PRCBS,0.914452470380406,0.08554752961959382,0
493,5570-PTWEH,0.4738569956951087,0.5261430043048914,1
494,4422-QVIJA,0.8091084920203351,0.19089150797966487,0
495,9091-WTUUY,0.9666772381402855,0.03332276185971482,0
496,5160-UXJED,0.8981001318628817,0.10189986813711785,0
497,0412-UCCNP,0.9235578108357189,0.07644218916428115,0
498,4673-KKSLS,0.5977770214028735,0.4022229785971267,0
499,9701-CDXHR,0.6515640423455318,0.34843595765446816,0
500,1985-MBRYP,0.9616212000936281,0.03837879990637184,0
501,9223-UCPVT,0.35139813560938554,0.6486018643906144,1
502,4129-LYCOI,0.8538792191140722,0.14612078088592753,0
503,7410-YTJIK,0.5034401755257144,0.49655982447428565,0
504,8327-WKMIE,0.9115157417064463,0.08848425829355336,0
505,4393-RYCRE,0.7573355006177976,0.24266449938220208,0
506,4999-IEZLT,0.9143498688008337,0.085650131199166,0
507,9696-RMYBA,0.49443817961472114,0.5055618203852787,1
508,2011-TRQYE,0.7964337706414851,0.20356622935851462,0
509,8690-UPCZI,0.9179335682374827,0.08206643176251709,0
510,1494-EJZDW,0.9288810951196307,0.07111890488036943,0
511,7312-XSBAT,0.5455143736506939,0.45448562634930617,0
512,4893-GYUJU,0.9116759050569944,0.08832409494300532,0
513,2157-MXBJS,0.8845528727845868,0.11544712721541284,0
514,7883-ROJOC,0.7969093499935458,0.20309065000645382,0
515,1401-FTHFQ,0.9137848441547497,0.08621515584524969,0
516,7225-CBZPL,0.4622971605893131,0.5377028394106868,1
517,7398-HPYZQ,0.9686888763027433,0.03131112369725703,0
518,0778-NELLA,0.7421657290320367,0.25783427096796285,0
519,4676-MQUEA,0.8249235743432617,0.17507642565673842,0
520,3439-GVUSX,0.647702353238047,0.3522976467619532,0
521,3884-HCSWG,0.4622971605893131,0.5377028394106868,1
522,3002-WQZWT,0.5461141972738596,0.45388580272614043,0
523,4361-JEIVL,0.5136255936106198,0.4863744063893802,0
524,2786-GCDPI,0.5538795315672386,0.4461204684327615,0
525,6203-HBZPA,0.9637318315845239,0.0362681684154764,0
526,7861-UVUFT,0.4247671545435455,0.5752328454564541,1
527,9593-CVZKR,0.9618815351924581,0.03811846480754216,0
528,8433-WPJTV,0.8187311309228238,0.18126886907717613,0
529,4896-CPRPF,0.9616212000936281,0.03837879990637184,0
530,5561-NWEVX,0.3754252961218844,0.6245747038781154,1
531,2034-CGRHZ,0.6365696203488475,0.3634303796511525,0
532,3946-MHCZW,0.647702353238047,0.3522976467619532,0
533,0810-DHDBD,0.9139758694207869,0.08602413057921306,0
534,3352-ALMCK,0.6433647743008872,0.3566352256991129,0
535,7065-YUNRY,0.647702353238047,0.3522976467619532,0
536,5370-IIVVL,0.8100983496837791,0.18990165031622055,0
537,9342-VNIMQ,0.8091084920203351,0.19089150797966487,0
538,2931-VUVJN,0.7619142237324646,0.23808577626753508,0
539,8221-HVAYI,0.9622893777357358,0.037710622264264304,0
540,5915-ANOEI,0.9678772789635,0.03212272103650045,0
541,6647-ZEDXT,0.8142162118510232,0.18578378814897653,0
542,3404-JNXAX,0.559055538340946,0.4409444616590541,0
543,3557-HTYWR,0.9628078749514212,0.03719212504857891,0
544,5119-KEPFY,0.6433647743008872,0.3566352256991129,0
545,6967-PEJLL,0.8734219622429141,0.12657803775708526,0
546,5515-IDEJJ,0.647702353238047,0.3522976467619532,0
547,4927-WWOOZ,0.3754252961218844,0.6245747038781154,1
548,5857-XRECV,0.8353690026911822,0.16463099730881758,0
549,7945-PRBVF,0.9616212000936281,0.03837879990637184,0
550,7164-BPTUT,0.9629752447494595,0.03702475525054101,0
551,1730-VFMWO,0.8091084920203351,0.19089150797966487,0
552,0141-YEAYS,0.6433647743008872,0.3566352256991129,0
553,5793-YOLJN,0.9618815351924581,0.03811846480754216,0
554,2804-ETQDK,0.9655835285832842,0.03441647141671596,0
555,2453-SAFNS,0.9106478754100077,0.08935212458999221,0
556,3181-MIZBN,0.6417037767397873,0.35829622326021265,0
557,6023-YEBUP,0.37944485097328945,0.6205551490267104,1
558,7297-DVYGA,0.9116759050569944,0.08832409494300532,0
559,2961-VNFKL,0.9665427751371151,0.03345722486288512,0
560,6876-ADESB,0.5136255936106198,0.4863744063893802,0
561,3508-CFVZL,0.9295704985626112,0.07042950143738869,0
562,2612-PHGOX,0.9655835285832842,0.03441647141671596,0
563,9314-QDMDW,0.8040366933132304,0.19596330668676942,0
564,0723-VSOBE,0.8684208542691717,0.13157914573082757,0
565,8160-HOWOX,0.6158650601416524,0.3841349398583474,0
566,4603-JANFB,0.35139813560938554,0.6486018643906144,1
567,5296-BFCYD,0.9592727333899461,0.0407272666100539,0
568,0725-CXOTM,0.9138157060702387,0.08618429392976111,0
569,8265-HKSOW,0.9302495109082902,0.06975048909170967,0
570,3649-JPUGY,0.9665427751371151,0.03345722486288512,0
571,3164-AALRN,0.8670013567211633,0.1329986432788364,0
572,8402-OOOHJ,0.9616212000936281,0.03837879990637184,0
573,1205-WNWPJ,0.7300960629816483,0.2699039370183512,0
574,8874-EJNSR,0.9616212000936281,0.03837879990637184,0
575,9689-PTNPG,0.3754252961218844,0.6245747038781154,1
576,6680-WKXRZ,0.4738569956951087,0.5261430043048914,1
577,7005-CYUIL,0.8762287112307046,0.12377128876929527,0
578,5174-ITUMV,0.7432661450714132,0.2567338549285864,0
579,8859-YSTWS,0.9115000019169388,0.08849999808306083,0
580,9837-FWLCH,0.6361257570431867,0.363874242956813,0
581,5732-IKGQH,0.8300995811169691,0.16990041888303092,0
582,5346-BZCHP,0.9655943704499217,0.03440562955007852,0
583,8805-JNRAZ,0.6549305627519751,0.34506943724802475,0
584,5067-WJEUN,0.9666772381402855,0.03332276185971482,0
585,7730-CLDSV,0.9200266468106814,0.07997335318931864,0
586,8012-SOUDQ,0.5517153080897532,0.4482846919102468,0
587,7101-HRBLJ,0.9686888763027433,0.03131112369725703,0
588,6917-IAYHD,0.647702353238047,0.3522976467619532,0
589,1121-QSIVB,0.9105720425893726,0.08942795741062709,0
590,7572-KPVKK,0.8530327074861652,0.1469672925138345,0
591,6115-ZTBFQ,0.9686888763027433,0.03131112369725703,0
592,9225-BZLNZ,0.9249325417574379,0.07506745824256217,0
593,0463-ZSDNT,0.7571002331144957,0.24289976688550385,0
594,9788-HNGUT,0.9302495109082902,0.06975048909170967,0
595,9584-EXCDZ,0.5805772304863966,0.41942276951360363,0
596,2188-SXWVT,0.9138157060702387,0.08618429392976111,0
597,6103-BOCOU,0.5375877207522377,0.46241227924776235,0
598,8922-NPKBJ,0.9616212000936281,0.03837879990637184,0
599,9420-LOJKX,0.5870498939622775,0.4129501060377227,0
600,1216-JWVUX,0.5341870069701375,0.46581299302986245,0
601,5619-XZZKR,0.8627607854009511,0.1372392145990486,0
602,8592-PLTMQ,0.9143498688008337,0.085650131199166,0
603,8735-NBLWT,0.7421657290320367,0.25783427096796285,0
604,7240-FQLHE,0.6252685006512586,0.3747314993487414,0
605,0603-TPMIB,0.9628460994578656,0.037153900542134646,0
606,9173-IVZVP,0.9621838607738534,0.037816139226146815,0
607,4913-EHYUI,0.8290715514699822,0.17092844853001787,0
608,6797-LNAQX,0.916561533938509,0.0834384660614909,0
609,7669-LCRSD,0.7595355002400284,0.24046449975997125,0
610,6651-AZVTJ,0.5517153080897532,0.4482846919102468,0
611,8189-DUKMV,0.8627607854009511,0.1372392145990486,0
612,6103-LIANB,0.909814557522775,0.09018544247722511,0
613,7446-YPODE,0.7859025041213654,0.21409749587863453,0
614,3399-BMLVW,0.9637318315845239,0.0362681684154764,0
615,1374-DMZUI,0.39216934900050426,0.6078306509994956,1
616,5562-BETPV,0.8326378002800147,0.16736219971998512,0
617,5687-DKDTV,0.7049074487769047,0.29509255122309497,0
618,3763-GCZHZ,0.7432661450714132,0.2567338549285864,0
619,5692-ICXLW,0.5517153080897532,0.4482846919102468,0
620,5216-WASFJ,0.5517153080897532,0.4482846919102468,0
621,2282-YGNOR,0.9179335682374827,0.08206643176251709,0
622,0963-ZBDRN,0.5517153080897532,0.4482846919102468,0
623,8259-DZLIZ,0.9143498688008337,0.085650131199166,0
624,7601-DHFWZ,0.9617141653944199,0.03828583460558007,0
625,2388-LAESQ,0.9302495109082902,0.06975048909170967,0
626,7025-IWFHT,0.7372923650450737,0.26270763495492583,0
627,1930-QPBVZ,0.9242936550887021,0.07570634491129784,0
628,9880-TDQAC,0.9218167901689586,0.07818320983104128,0
629,0519-XUZJU,0.4599568856172291,0.540043114382771,1
630,4883-KCPZJ,0.9533355420261924,0.04666445797380739,0
631,5948-UJZLF,0.6549305627519751,0.34506943724802475,0
632,3199-XGZCY,0.40968522486835873,0.5903147751316411,1
633,1432-FPAXX,0.7385217362268541,0.2614782637731453,0
634,6480-YAGIY,0.8222325002392826,0.1777674997607174,0
635,7554-NEWDD,0.9288810951196307,0.07111890488036943,0
636,7089-RKVSZ,0.877002999526911,0.12299700047308874,0
637,9494-BDNNC,0.7432661450714132,0.2567338549285864,0
638,2195-ZRVAX,0.5517153080897532,0.4482846919102468,0
639,7079-QRCBC,0.5341870069701375,0.46581299302986245,0
640,8573-JGCZW,0.8981001318628817,0.10189986813711785,0
641,3082-YVEKW,0.9595465366714361,0.04045346332856398,0
642,7398-LXGYX,0.6869495392174898,0.31305046078251075,0
643,7841-TZDMQ,0.6549305627519751,0.34506943724802475,0
644,4484-CGXFK,0.5414888199612836,0.4585111800387164,0
645,2929-QNSRW,0.7432723784823214,0.25672762151767814,0
646,9574-RKJIF,0.5977770214028735,0.4022229785971267,0
647,6061-GWWAV,0.9128720069531648,0.08712799304683484,0
648,2382-BCKQJ,0.7432661450714132,0.2567338549285864,0
649,0151-ONTOV,0.4599568856172291,0.540043114382771,1
650,2061-VVFST,0.8091084920203351,0.19089150797966487,0
651,9965-YOKZB,0.41454927781918177,0.585450722180818,1
652,1150-WFARN,0.9225689707650825,0.07743102923491745,0
653,4501-EQDRN,0.4599568856172291,0.540043114382771,1
654,0907-HQNTS,0.926402718646805,0.07359728135319489,0
655,3370-HXOPH,0.37944485097328945,0.6205551490267104,1
656,5016-LIPDW,0.9106478754100077,0.08935212458999221,0
657,8676-TRMJS,0.4738569956951087,0.5261430043048914,1
658,2091-RFFBA,0.5517153080897532,0.4482846919102468,0
659,3683-QKIUE,0.7300960629816483,0.2699039370183512,0
660,2880-FPNAE,0.3754252961218844,0.6245747038781154,1
661,6131-IUNXN,0.7969093499935458,0.20309065000645382,0
662,2672-DZUOY,0.5136255936106198,0.4863744063893802,0
663,1707-HABPF,0.8091546505667054,0.19084534943329431,0
664,8819-WFGGJ,0.967358792226237,0.03264120777376342,0
665,2656-TABEH,0.39216934900050426,0.6078306509994956,1
666,1090-PYKCI,0.833305093490449,0.16669490650955102,0
667,1661-CZBAU,0.9137999662807313,0.08620003371926858,0
668,3457-PQBYH,0.9623178088315453,0.03768219116845493,0
669,0040-HALCW,0.9621838607738534,0.037816139226146815,0
670,2480-JZOSN,0.647702353238047,0.3522976467619532,0
671,0902-RFHOF,0.9105720425893726,0.08942795741062709,0
672,5766-XQXMQ,0.8328715691815922,0.16712843081840778,0
673,5519-TEEUH,0.9115157417064463,0.08848425829355336,0
674,1852-XEMDW,0.8237337491339269,0.17626625086607275,0
675,0224-HJAPT,0.5971485515409184,0.4028514484590815,0
676,6198-PNNSZ,0.8290715514699822,0.17092844853001787,0
677,7134-MJPDY,0.8187311309228238,0.18126886907717613,0
678,0430-IHCDJ,0.6361257570431867,0.363874242956813,0
679,2088-IEBAU,0.9251976957761695,0.07480230422383047,0
680,3635-JBPSG,0.9299206076129886,0.07007939238701139,0
681,2853-CWQFQ,0.647702353238047,0.3522976467619532,0
682,1063-DHQJF,0.914452470380406,0.08554752961959382,0
683,6967-QIQRV,0.678503668742271,0.32149633125772925,0
684,3128-YOVTD,0.6951488072621345,0.3048511927378661,0
685,0887-HJGAR,0.647702353238047,0.3522976467619532,0
686,3120-FAZKD,0.9621838607738534,0.037816139226146815,0
687,6713-OKOMC,0.7834672369958328,0.21653276300416713,0
688,9508-ILZDG,0.5517153080897532,0.4482846919102468,0
689,9680-NIAUV,0.9302495109082902,0.06975048909170967,0
690,8837-VVWLQ,0.46477735757159927,0.5352226424284006,1
691,3678-MNGZX,0.9655943704499217,0.03440562955007852,0
692,9231-ZJYAM,0.39216934900050426,0.6078306509994956,1
693,2509-TFPJU,0.9665427751371151,0.03345722486288512,0
694,4060-LDNLU,0.40206260054404985,0.59793739945595,1
695,5135-RDDQL,0.9666772381402855,0.03332276185971482,0
696,6394-MFYNG,0.6433647743008872,0.3566352256991129,0
697,4138-NAXED,0.6515640423455318,0.34843595765446816,0
698,6711-FLDFB,0.40206260054404985,0.59793739945595,1
699,5032-MIYKT,0.4599568856172291,0.540043114382771,1
700,7501-VTYLJ,0.6549305627519751,0.34506943724802475,0
701,9498-FIMXL,0.877002999526911,0.12299700047308874,0
702,5442-UTCVD,0.37944485097328945,0.6205551490267104,1
703,0212-ISBBF,0.6942426790436669,0.3057573209563328,0
704,3669-LVWZB,0.7245676803732952,0.27543231962670406,0
705,6614-YOLAC,0.9686888763027433,0.03131112369725703,0
706,0708-SJDIS,0.8091084920203351,0.19089150797966487,0
707,4464-JCOLN,0.8353690026911822,0.16463099730881758,0
708,2589-AYCRP,0.9116759050569944,0.08832409494300532,0
709,2037-SGXHH,0.5517153080897532,0.4482846919102468,0
710,4210-QFJMF,0.39216934900050426,0.6078306509994956,1
711,6319-QSUSR,0.7595355002400284,0.24046449975997125,0
712,4821-WQOYN,0.9665427751371151,0.03345722486288512,0
713,2267-WTPYD,0.6546829101311278,0.34531708986887216,0
714,6733-LRIZX,0.8634841082627013,0.13651589173729886,0
715,8089-UZWLX,0.9193476344650025,0.08065236553499766,0
716,0654-HMSHN,0.5161985568923665,0.4838014431076335,0
717,5324-KTGCG,0.8697395529760443,0.13026044702395528,0
718,9624-EGDEQ,0.9616212000936281,0.03837879990637184,0
719,7951-QKZPL,0.9616212000936281,0.03837879990637184,0
720,1820-TQVEV,0.35139813560938554,0.6486018643906144,1
721,8780-YRMTT,0.9666772381402855,0.03332276185971482,0
722,5998-DZLYR,0.9125519866481935,0.08744801335180644,0
723,9050-QLROH,0.6252685006512586,0.3747314993487414,0
724,4083-BFNYK,0.8222325002392826,0.1777674997607174,0
725,1763-KUAAW,0.9056666945797456,0.09433330542025394,0
726,0923-PNFUB,0.37944485097328945,0.6205551490267104,1
727,3518-PZXZQ,0.647702353238047,0.3522976467619532,0
728,5923-GXUOC,0.468464732467715,0.5315352675322849,1
729,4583-PARNH,0.434962845125732,0.5650371548742676,1
730,2111-DWYHN,0.647702353238047,0.3522976467619532,0
731,1307-ATKGB,0.5341870069701375,0.46581299302986245,0
732,5012-YSPJJ,0.8091084920203351,0.19089150797966487,0
733,0394-YONDK,0.9661128571871846,0.03388714281281555,0
734,6614-YWYSC,0.9655835285832842,0.03441647141671596,0
735,0836-SEYLU,0.7421657290320367,0.25783427096796285,0
736,2789-HQBOU,0.37944485097328945,0.6205551490267104,1
737,3850-OKINF,0.8742391026234554,0.1257608973765442,0
738,9369-XFEHK,0.6433647743008872,0.3566352256991129,0
739,2324-AALNO,0.9115000019169388,0.08849999808306083,0
740,2748-MYRVK,0.8187311309228238,0.18126886907717613,0
741,8654-DHAOW,0.6549305627519751,0.34506943724802475,0
742,8096-LOIST,0.6912974202635119,0.3087025797364877,0
743,7233-DRTRF,0.5635694630382143,0.4364305369617857,0
744,9110-HSGTV,0.967358792226237,0.03264120777376342,0
745,5546-BYZSM,0.7409971600346198,0.25900283996537965,0
746,5961-VUSRV,0.8833837306615991,0.11661626933840052,0
747,3126-WQMGH,0.8104440840299589,0.18955591597004098,0
748,3129-AAQOU,0.9538018118674623,0.046198188132537545,0
749,4942-VZZOM,0.9166498331646262,0.08335016683537376,0
750,1899-VXWXM,0.8091546505667054,0.19084534943329431,0
751,1098-TDVUQ,0.647702353238047,0.3522976467619532,0
752,3200-MNQTF,0.9666772381402855,0.03332276185971482,0
753,8946-BFWSG,0.9655835285832842,0.03441647141671596,0
754,0674-DGMAQ,0.5517153080897532,0.4482846919102468,0
755,5043-TRZWM,0.35139813560938554,0.6486018643906144,1
756,4160-AMJTL,0.6234876844659615,0.3765123155340385,0
757,1301-LOPVR,0.9179335682374827,0.08206643176251709,0
758,7296-PIXQY,0.4222705156207322,0.5777294843792675,1
759,6990-YNRIO,0.9217224591371754,0.07827754086282442,0
760,0420-HLGXF,0.5517153080897532,0.4482846919102468,0
761,1555-HAPSU,0.9665427751371151,0.03345722486288512,0
762,4902-OHLSK,0.5461141972738596,0.45388580272614043,0
763,9617-INGJY,0.4599568856172291,0.540043114382771,1
764,2171-UDMFD,0.8091084920203351,0.19089150797966487,0
765,5010-IPEAQ,0.9666772381402855,0.03332276185971482,0
766,6916-HIJSE,0.9666772381402855,0.03332276185971482,0
767,0111-KLBQG,0.6433647743008872,0.3566352256991129,0
768,0142-GVYSN,0.7311434673510483,0.26885653264895115,0
769,1624-NALOJ,0.39319782487245836,0.6068021751275414,1
770,2962-XPMCQ,0.5346673139470205,0.4653326860529796,0
771,9249-FXSCK,0.8300995811169691,0.16990041888303092,0
772,1641-RQDAY,0.5517153080897532,0.4482846919102468,0
773,6670-MFRPK,0.914452470380406,0.08554752961959382,0
774,7549-MYGPK,0.6121613646444168,0.38783863535558327,0
775,1089-XZWHH,0.9588783590293284,0.04112164097067151,0
776,0621-JFHOL,0.9288810951196307,0.07111890488036943,0
777,0679-IDSTG,0.35139813560938554,0.6486018643906144,1
778,6024-RUGGH,0.9665427751371151,0.03345722486288512,0
779,3261-CQXOL,0.9665427751371151,0.03345722486288512,0
780,8976-OQHGT,0.7049074487769047,0.29509255122309497,0
781,6838-HVLXG,0.7595355002400284,0.24046449975997125,0
782,3584-WKTTW,0.7643435437020321,0.23565645629796753,0
783,1493-AMTIE,0.647702353238047,0.3522976467619532,0
784,8970-ANWXO,0.9137848441547497,0.08621515584524969,0
785,4360-PNRQB,0.6252685006512586,0.3747314993487414,0
786,5669-SRAIP,0.5971485515409184,0.4028514484590815,0
787,8931-GJJIQ,0.41454927781918177,0.585450722180818,1
788,1060-ENTOF,0.831808980595401,0.16819101940459916,0
789,8417-GSODA,0.8142162118510232,0.18578378814897653,0
790,0121-SNYRK,0.9139758694207869,0.08602413057921306,0
791,3908-BLSYF,0.40206260054404985,0.59793739945595,1
792,6942-LBFDP,0.6549305627519751,0.34506943724802475,0
793,5519-YLDGW,0.5604850354511123,0.439514964548888,0
794,7115-IRDHS,0.9665427751371151,0.03345722486288512,0
795,4690-LLKUA,0.6574986556464001,0.3425013443535997,0
796,1363-TXLSL,0.35139813560938554,0.6486018643906144,1
797,4236-XPXAV,0.49443817961472114,0.5055618203852787,1
798,4929-XIHVW,0.47017053530725567,0.5298294646927443,1
799,8606-CIQUL,0.9302495109082902,0.06975048909170967,0
800,1231-YNDEK,0.9623178088315453,0.03768219116845493,0
801,5136-GFPMB,0.6546829101311278,0.34531708986887216,0
802,6447-GORXK,0.8091084920203351,0.19089150797966487,0
803,1910-FMXJM,0.5517153080897532,0.4482846919102468,0
804,2135-DQWAQ,0.49443817961472114,0.5055618203852787,1
805,2279-AXJJK,0.6527477728838875,0.3472522271161126,0
806,3704-IEAXF,0.9665427751371151,0.03345722486288512,0
807,1686-STUHN,0.9105720425893726,0.08942795741062709,0
808,6682-QJDGB,0.8328715691815922,0.16712843081840778,0
809,3948-XHGNA,0.8310228094626518,0.16897719053734814,0
810,9289-LBQVU,0.9143498688008337,0.085650131199166,0
811,6726-WEXXK,0.7640216879333219,0.23597831206667771,0
812,7779-ORAEL,0.9622893777357358,0.037710622264264304,0
813,4468-KAZHE,0.6942426790436669,0.3057573209563328,0
814,5844-QVTAT,0.9138157060702387,0.08618429392976111,0
815,8383-SGHJU,0.8734219622429141,0.12657803775708526,0
816,9451-WLYRI,0.9116759050569944,0.08832409494300532,0
817,0147-ESWWR,0.5517153080897532,0.4482846919102468,0
818,6292-TOSSS,0.9626381220275226,0.03736187797247756,0
819,1013-QCWAM,0.5635694630382143,0.4364305369617857,0
820,4468-YDOVK,0.7245676803732952,0.27543231962670406,0
821,7047-FWEYA,0.7372923650450737,0.26270763495492583,0
822,6559-RAKOZ,0.7369601778781155,0.26303982212188404,0
823,8974-OVACP,0.647702353238047,0.3522976467619532,0
824,4585-HETAI,0.39216934900050426,0.6078306509994956,1
825,1091-SOZGA,0.815993701797405,0.1840062982025948,0
826,4940-KHCWD,0.9666772381402855,0.03332276185971482,0
827,9242-TKFSV,0.9686888763027433,0.03131112369725703,0
828,7017-VFHAY,0.9217224591371754,0.07827754086282442,0
829,6339-YPSAH,0.41454927781918177,0.585450722180818,1
830,9489-UTFKA,0.7685327329133739,0.23146726708662602,0
831,0015-UOCOJ,0.6399313643796394,0.3600686356203606,0
832,7856-GANIL,0.8091546505667054,0.19084534943329431,0
833,2576-HXMPA,0.647702353238047,0.3522976467619532,0
834,9339-FIIJL,0.9665427751371151,0.03345722486288512,0
835,9770-KXGQU,0.8300995811169691,0.16990041888303092,0
836,2320-TZRRH,0.9084221271147029,0.09157787288529637,0
837,8990-YOZLV,0.967358792226237,0.03264120777376342,0
838,5204-QZXPU,0.6912974202635119,0.3087025797364877,0
839,0750-EKNGL,0.7300960629816483,0.2699039370183512,0
840,9601-BRXPO,0.6365696203488475,0.3634303796511525,0
841,4536-PLEQY,0.5335696964535313,0.4664303035464689,0
842,0281-CNTZX,0.9655835285832842,0.03441647141671596,0
843,7852-LECYP,0.5845532550394642,0.41544674496053596,0
844,1746-TGTWV,0.4599568856172291,0.540043114382771,1
845,8878-HMWBV,0.5414888199612836,0.4585111800387164,0
846,2296-DKZFP,0.9666772381402855,0.03332276185971482,0
847,0067-DKWBL,0.5665560939870944,0.4334439060129056,0
848,8871-JLMHM,0.914452470380406,0.08554752961959382,0
849,4189-NAKJS,0.9156336038736902,0.08436639612630932,0
850,7138-GIRSH,0.9626381220275226,0.03736187797247756,0
851,2718-GAXQD,0.5797182884684661,0.42028171153153404,0
852,4819-HJPIW,0.7964337706414851,0.20356622935851462,0
853,5550-VFRLC,0.35139813560938554,0.6486018643906144,1
854,2604-XVDAM,0.7595355002400284,0.24046449975997125,0
855,4785-FCIFB,0.9655835285832842,0.03441647141671596,0
856,3556-BVQGL,0.9084221271147029,0.09157787288529637,0
857,6704-UTUKK,0.7385217362268541,0.2614782637731453,0
858,2720-FVBQP,0.7300960629816483,0.2699039370183512,0
859,5502-RLUYV,0.5635694630382143,0.4364305369617857,0
860,7909-FIOIY,0.7969093499935458,0.20309065000645382,0
861,4342-HFXWS,0.9137999662807313,0.08620003371926858,0
862,5673-FSSMF,0.5136255936106198,0.4863744063893802,0
863,5183-KLYEM,0.9302495109082902,0.06975048909170967,0
864,5003-OKNNK,0.8845528727845868,0.11544712721541284,0
865,3604-WLABM,0.6336904899176542,0.36630951008234564,0
866,0301-FIDRB,0.9686888763027433,0.03131112369725703,0
867,6439-PKTRR,0.9257161825134326,0.07428381748656751,0
868,4829-ZLJTK,0.8753124854811455,0.12468751451885435,0
869,9747-DDZOS,0.4599568856172291,0.540043114382771,1
870,0266-GMEAO,0.9302495109082902,0.06975048909170967,0
871,8854-CCVSQ,0.5042544935151415,0.4957455064848585,0
872,8938-UMKPI,0.5517153080897532,0.4482846919102468,0
873,8957-THMOA,0.9626381220275226,0.03736187797247756,0
874,2169-RRLFW,0.9665427751371151,0.03345722486288512,0
875,4001-TSBTV,0.5621744061265419,0.43782559387345815,0
876,8565-CLBZW,0.6365696203488475,0.3634303796511525,0
877,6941-KXRRV,0.9115000019169388,0.08849999808306083,0
878,3192-NQECA,0.914452470380406,0.08554752961959382,0
879,4824-GUCBY,0.5604850354511123,0.439514964548888,0
880,9931-KGHOA,0.8328715691815922,0.16712843081840778,0
881,2898-LSJGD,0.8434560042562147,0.15654399574378486,0
882,8816-VXNZD,0.35139813560938554,0.6486018643906144,1
883,1345-GKDZZ,0.7300960629816483,0.2699039370183512,0
884,9415-TPKRV,0.6234876844659615,0.3765123155340385,0
885,0823-HSCDJ,0.7435164825825994,0.25648351741740016,0
886,0697-ZMSWS,0.39216934900050426,0.6078306509994956,1
887,9526-BIHHD,0.6860585413709844,0.3139414586290155,0
888,7218-HKQFK,0.3754252961218844,0.6245747038781154,1
889,2995-YWTCD,0.9538018118674623,0.046198188132537545,0
890,3132-TVFDZ,0.7454516198298399,0.2545483801701598,0
891,4003-FUSHP,0.7969093499935458,0.20309065000645382,0
892,1221-GHZEP,0.9666772381402855,0.03332276185971482,0
893,1761-AEZZR,0.35139813560938554,0.6486018643906144,1
894,5276-KQWHG,0.3754252961218844,0.6245747038781154,1
895,5981-ITEMU,0.6433647743008872,0.3566352256991129,0
896,4718-DHSMV,0.7595355002400284,0.24046449975997125,0
897,1104-FEJAM,0.7385217362268541,0.2614782637731453,0
898,8714-EUHJO,0.5517153080897532,0.4482846919102468,0
899,6005-OBZPH,0.5375877207522377,0.46241227924776235,0
900,1027-LKKQQ,0.9686888763027433,0.03131112369725703,0
901,1090-ESELR,0.9302495109082902,0.06975048909170967,0
902,8231-BSWXX,0.8238259998009366,0.17617400019906335,0
903,2709-UQGNP,0.7834672369958328,0.21653276300416713,0
904,6469-MRVET,0.726146354394792,0.2738536456052081,0
905,2737-YNGYW,0.3754252961218844,0.6245747038781154,1
906,2189-WWOEW,0.5360663353763446,0.4639336646236557,0
907,2434-EEVDB,0.9217224591371754,0.07827754086282442,0
908,0959-WHOKV,0.7573355006177976,0.24266449938220208,0
909,1708-PBBOA,0.8724782631258404,0.127521736874159,0
910,0487-VVUVK,0.8072597323013946,0.1927402676986052,0
911,6376-GAHQE,0.39216934900050426,0.6078306509994956,1
912,4973-RLZVI,0.9179335682374827,0.08206643176251709,0
913,2482-CZGBB,0.4187407405673753,0.5812592594326244,1
914,4616-ULAOA,0.9125519866481935,0.08744801335180644,0
915,7074-STDCN,0.7409971600346198,0.25900283996537965,0
916,2858-MOFSQ,0.8981001318628817,0.10189986813711785,0
917,1104-TNLZA,0.5461141972738596,0.45388580272614043,0
918,8393-DLHGA,0.5341870069701375,0.46581299302986245,0
919,0327-WFZSY,0.7372923650450737,0.26270763495492583,0
920,5954-BDFSG,0.9200266468106814,0.07997335318931864,0
921,4797-AXPXK,0.5455143736506939,0.45448562634930617,0
922,4283-FUTGF,0.5121708823800448,0.4878291176199551,0
923,0702-PGIBZ,0.39216934900050426,0.6078306509994956,1
924,7940-UQQUG,0.831808980595401,0.16819101940459916,0
925,7570-WELNY,0.9242936550887021,0.07570634491129784,0
926,6172-FECYY,0.5517153080897532,0.4482846919102468,0
927,3842-QTGDL,0.6030194536597565,0.3969805463402437,0
928,5651-WYIPH,0.7964337706414851,0.20356622935851462,0
929,6383-ZTSIW,0.8222325002392826,0.1777674997607174,0
930,2017-CCBLH,0.9236097547503799,0.07639024524962011,0
931,9928-BZVLZ,0.9335524355610682,0.06644756443893192,0
932,1684-FLBGS,0.8072597323013946,0.1927402676986052,0
933,5996-DAOQL,0.647702353238047,0.3522976467619532,0
934,5154-VEKBL,0.7685327329133739,0.23146726708662602,0
935,6685-GBWJZ,0.9166498331646262,0.08335016683537376,0
936,4631-OACRM,0.4247671545435455,0.5752328454564541,1
937,7799-DSEWS,0.7035092375640645,0.29649076243593536,0
938,4619-EVPHY,0.8125998833503806,0.1874001166496191,0
939,8016-ZMGMO,0.9143498688008337,0.085650131199166,0
940,3336-JORSO,0.5517153080897532,0.4482846919102468,0
941,8414-OOEEL,0.9655835285832842,0.03441647141671596,0
942,9174-FKWZE,0.5136255936106198,0.4863744063893802,0
943,8434-PNQZX,0.9616212000936281,0.03837879990637184,0
944,9067-SQTNS,0.9105720425893726,0.08942795741062709,0
945,2023-VQFDL,0.6860975052967018,0.31390249470329773,0
946,4393-OBCRR,0.8385687594057438,0.16143124059425595,0
947,1053-MXTTK,0.9302495109082902,0.06975048909170967,0
948,5816-JMLGY,0.9661128571871846,0.03388714281281555,0
949,7233-PAHHL,0.9666772381402855,0.03332276185971482,0
950,1771-OADNZ,0.5461141972738596,0.45388580272614043,0
951,8561-NMTBD,0.8187311309228238,0.18126886907717613,0
952,2120-SMPEX,0.8072597323013946,0.1927402676986052,0
953,2203-GHNWN,0.6365696203488475,0.3634303796511525,0
954,2302-ANTDP,0.5977770214028735,0.4022229785971267,0
955,2030-BTZRO,0.9237440117976804,0.07625598820231957,0
956,7198-GLXTC,0.3754252961218844,0.6245747038781154,1
957,3521-SYVOR,0.7409971600346198,0.25900283996537965,0
958,4803-AXVYP,0.5517153080897532,0.4482846919102468,0
959,9548-LIGTA,0.9666772381402855,0.03332276185971482,0
960,2535-PBCGC,0.9678772789635,0.03212272103650045,0
961,8224-DWCKX,0.5335696964535313,0.4664303035464689,0
962,4729-XKASR,0.5136255936106198,0.4863744063893802,0
963,1024-KPRBB,0.8091546505667054,0.19084534943329431,0
964,8601-QACRS,0.7245676803732952,0.27543231962670406,0
965,8272-ONJLV,0.6507727499506345,0.3492272500493655,0
966,5099-BAILX,0.6433647743008872,0.3566352256991129,0
967,9474-PHLYD,0.6361257570431867,0.363874242956813,0
968,8441-SHIPE,0.9655835285832842,0.03441647141671596,0
969,7248-VZQLC,0.6433647743008872,0.3566352256991129,0
970,1004-NOZNR,0.8290715514699822,0.17092844853001787,0
971,6253-WRFHY,0.8052058354362179,0.1947941645637817,0
972,2335-GSODA,0.9595465366714361,0.04045346332856398,0
973,4226-KKDON,0.6234876844659615,0.3765123155340385,0
974,9399-APLBT,0.35139813560938554,0.6486018643906144,1
975,4951-UKAAQ,0.39216934900050426,0.6078306509994956,1
976,6784-XYJAE,0.8693645533862454,0.13063544661375384,0
977,3007-FDPEA,0.6549305627519751,0.34506943724802475,0
978,1760-CAZHT,0.8072597323013946,0.1927402676986052,0
979,3865-ZFZIB,0.9538018118674623,0.046198188132537545,0
980,8705-DWKTI,0.6527477728838875,0.3472522271161126,0
981,1545-JFUML,0.8762287112307046,0.12377128876929527,0
982,4825-XJGDM,0.9166498331646262,0.08335016683537376,0
983,5366-IJEQJ,0.5135643491695362,0.48643565083046375,0
984,4366-CTOUZ,0.9053746870191446,0.0946253129808556,0
985,0201-MIBOL,0.9217224591371754,0.07827754086282442,0
986,8929-KSWIH,0.8955668589618848,0.10443314103811539,0
987,4831-EOBFE,0.6869495392174898,0.31305046078251075,0
988,2848-YXSMW,0.9665427751371151,0.03345722486288512,0
989,2057-BOYKM,0.9302495109082902,0.06975048909170967,0
990,6142-VSJQO,0.647702353238047,0.3522976467619532,0
991,4922-CVPDX,0.9616212000936281,0.03837879990637184,0
992,8717-VCTXJ,0.9105720425893726,0.08942795741062709,0
993,7395-XWZOY,0.8237337491339269,0.17626625086607275,0
994,1552-AAGRX,0.6869495392174898,0.31305046078251075,0
995,1402-PTHGN,0.909776778086563,0.09022322191343664,0
996,6510-UPNKS,0.9137848441547497,0.08621515584524969,0
997,5156-UMKOW,0.6614189743026863,0.3385810256973135,0
998,7677-SJJJK,0.877002999526911,0.12299700047308874,0
999,8128-YVJRG,0.5620039371330998,0.43799606286690024,0
1000,7564-GHCVB,0.9302495109082902,0.06975048909170967,0
1001,6204-IEUXJ,0.4738569956951087,0.5261430043048914,1
1002,6380-ARCEH,0.647702353238047,0.3522976467619532,0
1003,2359-KMGLI,0.5341870069701375,0.46581299302986245,0
1004,8294-UIMBA,0.8142162118510232,0.18578378814897653,0
1005,0795-XCCTE,0.9665427751371151,0.03345722486288512,0
1006,6048-QBXKL,0.6549305627519751,0.34506943724802475,0
1007,8670-MEFCP,0.9622893777357358,0.037710622264264304,0
1008,5325-UWTWJ,0.6869495392174898,0.31305046078251075,0
1009,0618-XWMSS,0.6869495392174898,0.31305046078251075,0
1010,4373-VVHQL,0.5136255936106198,0.4863744063893802,0
1011,4522-XRWWI,0.9128720069531648,0.08712799304683484,0
1012,7693-QPEFS,0.6527477728838875,0.3472522271161126,0
1013,1154-HYWWO,0.9128720069531648,0.08712799304683484,0
1014,5858-EAFCZ,0.647702353238047,0.3522976467619532,0
1015,2674-MLXMN,0.6557373089019631,0.34426269109803664,0
1016,4801-JZAZL,0.6560253528316601,0.34397464716833986,0
1017,6483-OATDN,0.7685327329133739,0.23146726708662602,0
1018,9644-UMGQA,0.6315209057845839,0.368479094215416,0
1019,1552-CZCLL,0.814421989609007,0.185578010390993,0
1020,7813-ZGGAW,0.6433647743008872,0.3566352256991129,0
1021,6773-LQTVT,0.8091084920203351,0.19089150797966487,0
1022,5989-OMNJE,0.8730631088547465,0.12693689114525292,0
1023,0699-NDKJM,0.8407152550633463,0.1592847449366537,0
1024,1226-JZNKR,0.795110341850407,0.2048896581495926,0
1025,1628-BIZYP,0.35139813560938554,0.6486018643906144,1
1026,6549-YMFAW,0.7421657290320367,0.25783427096796285,0
1027,8029-XYPWT,0.9295704985626112,0.07042950143738869,0
1028,3572-UOLYZ,0.6433647743008872,0.3566352256991129,0
1029,3982-DQLUS,0.6121613646444168,0.38783863535558327,0
1030,4146-SVFUD,0.647702353238047,0.3522976467619532,0
1031,1585-MQSSU,0.7734830734005255,0.22651692659947426,0
1032,0533-UCAAU,0.9106478754100077,0.08935212458999221,0
1033,2178-PMGCJ,0.6377657627833802,0.3622342372166198,0
1034,6168-WFVVF,0.37944485097328945,0.6205551490267104,1
1035,9133-AYJZG,0.6365696203488475,0.3634303796511525,0
1036,1564-HJUVY,0.7049074487769047,0.29509255122309497,0
1037,6633-SYEUS,0.6365696203488475,0.3634303796511525,0
1038,6608-QQLVK,0.5136255936106198,0.4863744063893802,0
1039,1697-NVVGY,0.820788490353772,0.17921150964622765,0
1040,9831-BPFRI,0.7372923650450737,0.26270763495492583,0
1041,6901-GOGZG,0.9245161416902181,0.07548385830978187,0
1042,2146-EGVDT,0.9628460994578656,0.037153900542134646,0
1043,7901-TBKJX,0.5621744061265419,0.43782559387345815,0
1044,1755-RMCXH,0.6549305627519751,0.34506943724802475,0
1045,5968-XQIVE,0.7483610139495259,0.25163898605047363,0
1046,6695-AMZUF,0.9678772789635,0.03212272103650045,0
1047,5804-LEPIM,0.3754252961218844,0.6245747038781154,1
1048,2181-UAESM,0.5665560939870944,0.4334439060129056,0
1049,3550-SAHFP,0.5517153080897532,0.4482846919102468,0
1050,0734-OXWBT,0.6614189743026863,0.3385810256973135,0
1051,0794-YVSGE,0.9665427751371151,0.03345722486288512,0
1052,1629-DQQVB,0.7859025041213654,0.21409749587863453,0
1053,3138-BKYAV,0.40206260054404985,0.59793739945595,1
1054,8207-DMRVL,0.9302495109082902,0.06975048909170967,0
1055,1779-PWPMG,0.9302495109082902,0.06975048909170967,0
1056,5119-NZPTV,0.3754252961218844,0.6245747038781154,1
1057,6551-ZCOTS,0.9115157417064463,0.08848425829355336,0
1058,8950-MTZNV,0.647702353238047,0.3522976467619532,0
1059,9809-IMGCQ,0.5161985568923665,0.4838014431076335,0
1060,7743-EXURX,0.6234876844659615,0.3765123155340385,0
1061,7675-OZCZG,0.5414888199612836,0.4585111800387164,0
1062,7020-OZKXZ,0.5184192482959638,0.48158075170403625,0
1063,2621-UDNLU,0.6614189743026863,0.3385810256973135,0
1064,9146-JRIOX,0.7595355002400284,0.24046449975997125,0
1065,3806-YAZOV,0.6614189743026863,0.3385810256973135,0
1066,8908-SLFCJ,0.9533355420261924,0.04666445797380739,0
1067,2754-VDLTR,0.4187407405673753,0.5812592594326244,1
1068,7459-IMVYU,0.7620293441851247,0.23797065581487495,0
1069,6997-UVGOX,0.9686888763027433,0.03131112369725703,0
1070,1830-GGFNM,0.9217224591371754,0.07827754086282442,0
1071,0973-KYVNF,0.9686888763027433,0.03131112369725703,0
1072,6474-FVJLC,0.3754252961218844,0.6245747038781154,1
1073,1421-HCERK,0.6869495392174898,0.31305046078251075,0
1074,6211-WHMYA,0.7472829503805994,0.2527170496194001,0
1075,5173-ZXXXL,0.8353690026911822,0.16463099730881758,0
1076,0048-PIHNL,0.9108168672635425,0.08918313273645724,0
1077,4786-UKSNZ,0.647702353238047,0.3522976467619532,0
1078,7338-ERIVA,0.9128720069531648,0.08712799304683484,0
1079,3045-XETSH,0.4187407405673753,0.5812592594326244,1
1080,6614-VBEGU,0.8072597323013946,0.1927402676986052,0
1081,5196-WPYOW,0.9166498331646262,0.08335016683537376,0
1082,3580-REOAC,0.7571002331144957,0.24289976688550385,0
1083,8993-PHFWD,0.5414888199612836,0.4585111800387164,0
1084,4851-BQDNX,0.7372923650450737,0.26270763495492583,0
1085,5569-OUICF,0.6433647743008872,0.3566352256991129,0
1086,1271-SJBGZ,0.6361257570431867,0.363874242956813,0
1087,0970-QXPXW,0.647702353238047,0.3522976467619532,0
1088,2519-TWKFS,0.9137848441547497,0.08621515584524969,0
1089,4238-HFHSN,0.5635694630382143,0.4364305369617857,0
1090,9281-PKKZE,0.7409971600346198,0.25900283996537965,0
1091,9618-LFJRU,0.7049074487769047,0.29509255122309497,0
1092,6752-APNJL,0.8328715691815922,0.16712843081840778,0
1093,2885-HIJDH,0.967358792226237,0.03264120777376342,0
1094,6551-VLJMV,0.9616212000936281,0.03837879990637184,0
1095,2087-QAREY,0.7998546087737007,0.20014539122629899,0
1096,5176-LMJXE,0.9617141653944199,0.03828583460558007,0
1097,6087-YPWHO,0.9686888763027433,0.03131112369725703,0
1098,1010-DIAUQ,0.49443817961472114,0.5055618203852787,1
1099,8364-TRMMK,0.6614189743026863,0.3385810256973135,0
1100,6094-ZIVKX,0.9169937625522566,0.08300623744774352,0
1101,9199-PWQVC,0.9166498331646262,0.08335016683537376,0
1102,3096-JRDSO,0.6869495392174898,0.31305046078251075,0
1103,4195-PNGZS,0.9655943704499217,0.03440562955007852,0
1104,5549-ZGHFB,0.9626381220275226,0.03736187797247756,0
1105,9971-ZWPBF,0.5517153080897532,0.4482846919102468,0
1106,2972-YDYUW,0.7432723784823214,0.25672762151767814,0
1107,6578-KRMAW,0.6869495392174898,0.31305046078251075,0
1108,4194-FJARJ,0.9632775703308547,0.036722429669145656,0
1109,9873-MNDKV,0.7595355002400284,0.24046449975997125,0
1110,2569-WGERO,0.9665427751371151,0.03345722486288512,0
1111,3748-FVMZZ,0.5797182884684661,0.42028171153153404,0
1112,1905-OEILC,0.647702353238047,0.3522976467619532,0
1113,7353-YOWFP,0.8725297393295164,0.1274702606704835,0
1114,3689-MOZGR,0.7385217362268541,0.2614782637731453,0
1115,4081-DYXAV,0.9078679887927075,0.09213201120729182,0
1116,9614-RMGHA,0.6557373089019631,0.34426269109803664,0
1117,4423-YLHDV,0.6833118080277194,0.31668819197228076,0
1118,9560-BBZXK,0.9622893777357358,0.037710622264264304,0
1119,5180-UCIIQ,0.8237337491339269,0.17626625086607275,0
1120,5134-IKDAY,0.35139813560938554,0.6486018643906144,1
1121,6968-GMKPR,0.5621744061265419,0.43782559387345815,0
1122,0516-OOHAR,0.8142162118510232,0.18578378814897653,0
1123,3841-NFECX,0.9295704985626112,0.07042950143738869,0
1124,7036-TYDEC,0.8549331912183779,0.1450668087816219,0
1125,8868-WOZGU,0.5461141972738596,0.45388580272614043,0
1126,0374-AACSZ,0.5455143736506939,0.45448562634930617,0
1127,4193-IBKSW,0.9665427751371151,0.03345722486288512,0
1128,8969-PRHFK,0.9056666945797456,0.09433330542025394,0
1129,9184-GALIL,0.8091084920203351,0.19089150797966487,0
1130,4273-MBHYA,0.35139813560938554,0.6486018643906144,1
1131,7379-FNIUJ,0.4374476012185881,0.5625523987814117,1
1132,5394-MEITZ,0.9655835285832842,0.03441647141671596,0
1133,3234-VKACU,0.5346673139470205,0.4653326860529796,0
1134,5726-CVNYA,0.9236097547503799,0.07639024524962011,0
1135,8099-MZPUJ,0.9119851527902213,0.08801484720977876,0
1136,2773-OVBPK,0.9133984982761004,0.08660150172389945,0
1137,9576-ANLXO,0.4738569956951087,0.5261430043048914,1
1138,6286-ZHAOK,0.7998546087737007,0.20014539122629899,0
1139,0052-YNYOT,0.8685959801508542,0.13140401984914538,0
1140,6680-NENYN,0.8485616758584912,0.15143832414150876,0
1141,3283-WCWXT,0.9237440117976804,0.07625598820231957,0
1142,0876-WDUUZ,0.49443817961472114,0.5055618203852787,1
1143,3938-YFPXD,0.9686888763027433,0.03131112369725703,0
1144,1087-UDSIH,0.6614189743026863,0.3385810256973135,0
1145,4187-CINZD,0.8091546505667054,0.19084534943329431,0
1146,0459-SPZHJ,0.9666772381402855,0.03332276185971482,0
1147,0842-IWYCP,0.8091084920203351,0.19089150797966487,0
1148,9661-JALZV,0.9623178088315453,0.03768219116845493,0
1149,4177-JPDFU,0.7595355002400284,0.24046449975997125,0
1150,2996-XAUVF,0.9661128571871846,0.03388714281281555,0
1151,9705-IOVQQ,0.7432661450714132,0.2567338549285864,0
1152,6581-NQCBA,0.6417037767397873,0.35829622326021265,0
1153,9168-INPSZ,0.5517153080897532,0.4482846919102468,0
1154,0168-XZKBB,0.5121708823800448,0.4878291176199551,0
1155,5136-KCKGI,0.8231761993563563,0.17682380064364367,0
1156,5597-GLBUC,0.35139813560938554,0.6486018643906144,1
1157,4918-QLLIW,0.6614189743026863,0.3385810256973135,0
1158,8050-XGRVL,0.9166498331646262,0.08335016683537376,0
1159,4302-ZYFEL,0.9142516573977214,0.0857483426022783,0
1160,9000-PLFUZ,0.9655835285832842,0.03441647141671596,0
1161,5494-HECPR,0.35139813560938554,0.6486018643906144,1
1162,1069-QJOEE,0.8690056999980778,0.13099430000192147,0
1163,4458-KVRBJ,0.9628460994578656,0.037153900542134646,0
1164,5924-IFQTT,0.6361257570431867,0.363874242956813,0
1165,7696-AMHOD,0.9108168672635425,0.08918313273645724,0
1166,3588-WSTTJ,0.5977770214028735,0.4022229785971267,0
1167,3500-NSDOA,0.9655943704499217,0.03440562955007852,0
1168,6582-PLFUU,0.9626381220275226,0.03736187797247756,0
1169,6047-YHPVI,0.39319782487245836,0.6068021751275414,1
1170,2075-RMJIK,0.755101392704146,0.2448986072958537,0
1171,5175-AOBHI,0.7049074487769047,0.29509255122309497,0
1172,3920-HIHMQ,0.8091084920203351,0.19089150797966487,0
1173,3012-VFFMN,0.7300960629816483,0.2699039370183512,0
1174,4566-NECEV,0.39319782487245836,0.6068021751275414,1
1175,1474-JUWSM,0.8707300414695303,0.1292699585304695,0
1176,3347-YJZZE,0.8091084920203351,0.19089150797966487,0
1177,9867-XOBQA,0.9558138388113251,0.04418616118867478,0
1178,7801-KICAO,0.5042544935151415,0.4957455064848585,0
1179,6777-TGHTM,0.8300995811169691,0.16990041888303092,0
1180,6980-CDGFC,0.9143498688008337,0.085650131199166,0
1181,0913-XWSCN,0.6546829101311278,0.34531708986887216,0
1182,6352-GIGGQ,0.9166498331646262,0.08335016683537376,0
1183,3963-RYFNS,0.9302495109082902,0.06975048909170967,0
1184,4154-AQUGT,0.5335696964535313,0.4664303035464689,0
1185,6258-NGCNG,0.7300960629816483,0.2699039370183512,0
1186,6741-EGCBI,0.6869495392174898,0.31305046078251075,0
1187,9350-ZXYJC,0.9167419329492297,0.08325806705077042,0
1188,9620-ENEJV,0.5034401755257144,0.49655982447428565,0
1189,8361-LBRDI,0.9623178088315453,0.03768219116845493,0
1190,0056-EPFBG,0.9558138388113251,0.04418616118867478,0
1191,6615-ZGEDR,0.647702353238047,0.3522976467619532,0
1192,5442-XSDCW,0.5335696964535313,0.4664303035464689,0
1193,6374-AFWOX,0.9603664429469474,0.03963355705305274,0
1194,0875-CABNR,0.5300399214001742,0.4699600785998259,0
1195,6693-DJWTY,0.9138157060702387,0.08618429392976111,0
1196,5168-MSWXT,0.40968522486835873,0.5903147751316411,1
1197,9253-VIFJQ,0.9166498331646262,0.08335016683537376,0
1198,5117-IFGPS,0.5461141972738596,0.45388580272614043,0
1199,8571-ZCMCX,0.9628078749514212,0.03719212504857891,0
1200,0576-WNXXC,0.5461141972738596,0.45388580272614043,0
1201,7167-PCEYD,0.9655835285832842,0.03441647141671596,0
1202,8277-RVRSV,0.9115157417064463,0.08848425829355336,0
1203,7471-WNSUF,0.9143498688008337,0.085650131199166,0
1204,4994-OBRSZ,0.9347215776840558,0.06527842231594425,0
1205,0742-MOABM,0.7049074487769047,0.29509255122309497,0
1206,4510-PYUSH,0.8328715691815922,0.16712843081840778,0
1207,2876-VBBBL,0.647702353238047,0.3522976467619532,0
1208,0258-NOKBL,0.37944485097328945,0.6205551490267104,1
1209,5893-PYOLZ,0.9618815351924581,0.03811846480754216,0
1210,3866-MDTUB,0.5665560939870944,0.4334439060129056,0
1211,6859-RKMZJ,0.7595355002400284,0.24046449975997125,0
1212,6869-FGJJC,0.8197851030271295,0.1802148969728705,0
1213,6840-RESVB,0.9160848085185422,0.08391519148145746,0
1214,6341-AEVKX,0.7633092806441372,0.23669071935586267,0
1215,0362-RAOQO,0.9616212000936281,0.03837879990637184,0
1216,6319-IEJWJ,0.5135643491695362,0.48643565083046375,0
1217,7812-FZHPE,0.7734830734005255,0.22651692659947426,0
1218,6954-OOYZZ,0.7964337706414851,0.20356622935851462,0
1219,7684-XSZIY,0.9665427751371151,0.03345722486288512,0
1220,7346-MEDWM,0.5621744061265419,0.43782559387345815,0
1221,8318-LCNBW,0.9138157060702387,0.08618429392976111,0
1222,9531-NSBMR,0.9115157417064463,0.08848425829355336,0
1223,1376-HHBDV,0.8328715691815922,0.16712843081840778,0
1224,6332-FBZRI,0.9166498331646262,0.08335016683537376,0
1225,6114-TCFID,0.9179335682374827,0.08206643176251709,0
1226,2027-OAQQC,0.8091084920203351,0.19089150797966487,0
1227,3653-NCRDJ,0.9105720425893726,0.08942795741062709,0
1228,1227-UDMZR,0.9686888763027433,0.03131112369725703,0
1229,5118-MUEYH,0.6433647743008872,0.3566352256991129,0
1230,2320-SLKMB,0.8091084920203351,0.19089150797966487,0
1231,2811-POVEX,0.6365696203488475,0.3634303796511525,0
1232,7977-HXJKU,0.9533355420261924,0.04666445797380739,0
1233,7096-UCLNH,0.647702353238047,0.3522976467619532,0
1234,1335-NTIUC,0.6291982604881948,0.37080173951180506,0
1235,5753-QQWPW,0.8822901374494927,0.11770986255050672,0
1236,1452-KIOVK,0.6377657627833802,0.3622342372166198,0
1237,9640-ZSLDC,0.9116759050569944,0.08832409494300532,0
1238,4012-ZTHBR,0.6942426790436669,0.3057573209563328,0
1239,8591-NXRCV,0.8328715691815922,0.16712843081840778,0
1240,4558-FANTW,0.5121785541148712,0.48782144588512893,0
1241,9643-YBLUR,0.7421657290320367,0.25783427096796285,0
1242,7779-LGOVN,0.4187407405673753,0.5812592594326244,1
1243,6504-VBLFL,0.9235578108357189,0.07644218916428115,0
1244,6218-KNUBD,0.6074546015465971,0.3925453984534028,0
1245,8818-XYFCQ,0.6869495392174898,0.31305046078251075,0
1246,0256-LTHVJ,0.5461141972738596,0.45388580272614043,0
1247,0946-CLJTI,0.5621744061265419,0.43782559387345815,0
1248,2840-XANRC,0.5341870069701375,0.46581299302986245,0
1249,7479-NITWS,0.5034401755257144,0.49655982447428565,0
1250,5644-PDMZC,0.3754252961218844,0.6245747038781154,1
1251,0374-IOEGQ,0.5414888199612836,0.4585111800387164,0
1252,5126-RCXYW,0.9621838607738534,0.037816139226146815,0
1253,7551-JOHTI,0.647702353238047,0.3522976467619532,0
1254,0975-UYDTX,0.9179335682374827,0.08206643176251709,0
1255,5150-LJNSR,0.8272940615236004,0.17270593847639965,0
1256,4817-QRJSX,0.5300399214001742,0.4699600785998259,0
1257,8060-HIWJJ,0.9655835285832842,0.03441647141671596,0
1258,5879-HMFFH,0.9686888763027433,0.03131112369725703,0
1259,8404-VIOMB,0.9666772381402855,0.03332276185971482,0
1260,1567-DSCIC,0.40968522486835873,0.5903147751316411,1
1261,6497-TILVL,0.7606297753124991,0.2393702246875008,0
1262,9777-WJJPR,0.6433647743008872,0.3566352256991129,0
1263,5619-PTMIK,0.7620293441851247,0.23797065581487495,0
1264,8345-MVDYC,0.9622893777357358,0.037710622264264304,0
1265,3458-IDMFK,0.9586227679750152,0.04137723202498461,0
1266,8780-RSYYU,0.8072597323013946,0.1927402676986052,0
1267,8645-KWHJO,0.6361257570431867,0.363874242956813,0
1268,3800-LYTRK,0.8909856295773387,0.10901437042266102,0
1269,0265-PSUAE,0.6030194536597565,0.3969805463402437,0
1270,5804-JMYIO,0.9616212000936281,0.03837879990637184,0
1271,4452-QIIEB,0.7300960629816483,0.2699039370183512,0
1272,5286-YHCVC,0.9200266468106814,0.07997335318931864,0
1273,9375-MHRRS,0.7300960629816483,0.2699039370183512,0
1274,0722-SVSFK,0.40206260054404985,0.59793739945595,1
1275,1573-LGXBA,0.815993701797405,0.1840062982025948,0
1276,9373-WSLOY,0.7409971600346198,0.25900283996537965,0
1277,6221-AVQYL,0.47017053530725567,0.5298294646927443,1
1278,5208-FVQKB,0.9678772789635,0.03212272103650045,0
1279,0363-QJVFX,0.6869495392174898,0.31305046078251075,0
1280,7473-ZBDSN,0.9299206076129886,0.07007939238701139,0
1281,9919-KNPOO,0.5161985568923665,0.4838014431076335,0
1282,5375-XLDOF,0.9242936550887021,0.07570634491129784,0
1283,9862-KJTYK,0.7969093499935458,0.20309065000645382,0
1284,0219-QAERP,0.9156336038736902,0.08436639612630932,0
1285,7710-JSYOA,0.914452470380406,0.08554752961959382,0
1286,9848-JQJTX,0.9200266468106814,0.07997335318931864,0
1287,1963-SVUCV,0.5136255936106198,0.4863744063893802,0
1288,8963-MQVYN,0.6942426790436669,0.3057573209563328,0
1289,2249-YPRNG,0.63513155506055,0.3648684449394501,0
1290,3160-TYXLT,0.8387801178161061,0.1612198821838941,0
1291,4397-FRLTA,0.7049074487769047,0.29509255122309497,0
1292,0515-YPMCW,0.4599568856172291,0.540043114382771,1
1293,8232-UTFOZ,0.9655943704499217,0.03440562955007852,0
1294,8859-AXJZP,0.9616212000936281,0.03837879990637184,0
1295,6772-WFQRD,0.9105720425893726,0.08942795741062709,0
1296,4323-OHFOW,0.8218941665852324,0.17810583341476754,0
1297,5630-AHZIL,0.6997751624356239,0.30022483756437596,0
1298,3863-QSTYI,0.7458878934689271,0.2541121065310725,0
1299,1895-QTKDO,0.647702353238047,0.3522976467619532,0
1300,3422-LYEPQ,0.35139813560938554,0.6486018643906144,1
1301,6771-XWBDM,0.6546829101311278,0.34531708986887216,0
1302,9761-XUJWD,0.7245676803732952,0.27543231962670406,0
1303,4837-QUSFT,0.831808980595401,0.16819101940459916,0
1304,5845-BZZIB,0.9616212000936281,0.03837879990637184,0
1305,7698-YFGEZ,0.647702353238047,0.3522976467619532,0
1306,2481-SBOYW,0.9655835285832842,0.03441647141671596,0
1307,4846-WHAFZ,0.5517153080897532,0.4482846919102468,0
1308,2725-TTRIQ,0.9686888763027433,0.03131112369725703,0
1309,8468-EHYJA,0.6107663077327444,0.3892336922672557,0
1310,8399-YNDCH,0.7998546087737007,0.20014539122629899,0
1311,2550-AEVRU,0.8716950581530236,0.1283049418469761,0
1312,8584-KMVXD,0.40968522486835873,0.5903147751316411,1
1313,1568-BEKZM,0.9678772789635,0.03212272103650045,0
1314,3570-YUEKJ,0.7409971600346198,0.25900283996537965,0
1315,6856-RAURS,0.47017053530725567,0.5298294646927443,1
1316,5311-IHLEI,0.7859025041213654,0.21409749587863453,0
1317,7008-LZVOZ,0.9655835285832842,0.03441647141671596,0
1318,8818-DOPVL,0.5517153080897532,0.4482846919102468,0
1319,2581-VKIRT,0.9139124040392077,0.08608759596079246,0
1320,4923-ADWXJ,0.8072597323013946,0.1927402676986052,0
1321,2612-RRIDN,0.39216934900050426,0.6078306509994956,1
1322,2180-DXNEG,0.4222705156207322,0.5777294843792675,1
1323,4277-BWBML,0.9665427751371151,0.03345722486288512,0
1324,2320-YKQBO,0.7300960629816483,0.2699039370183512,0
1325,6521-YYTYI,0.35139813560938554,0.6486018643906144,1
1326,6897-UUBNU,0.6433647743008872,0.3566352256991129,0
1327,2091-MJTFX,0.8091084920203351,0.19089150797966487,0
1328,0196-JTUQI,0.5184192482959638,0.48158075170403625,0
1329,0238-WHBIQ,0.9686888763027433,0.03131112369725703,0
1330,4229-CZMLL,0.40206260054404985,0.59793739945595,1
1331,2000-DHJUY,0.9678772789635,0.03212272103650045,0
1332,4000-VGMQP,0.9105720425893726,0.08942795741062709,0
1333,3376-BMGFE,0.4911797352188287,0.5088202647811711,1
1334,5965-GGPRW,0.9302495109082902,0.06975048909170967,0
1335,9803-FTJCG,0.9182355467805589,0.08176445321944113,0
1336,4471-KXAUH,0.5517153080897532,0.4482846919102468,0
1337,4933-IKULF,0.8981001318628817,0.10189986813711785,0
1338,6609-MXJHJ,0.9616212000936281,0.03837879990637184,0
1339,6726-NNFWD,0.9193476344650025,0.08065236553499766,0
1340,3521-HTQTV,0.9616212000936281,0.03837879990637184,0
1341,9650-VBUOG,0.9616212000936281,0.03837879990637184,0
1342,5201-CBWYG,0.9143498688008337,0.085650131199166,0
1343,7032-LMBHI,0.9138157060702387,0.08618429392976111,0
1344,1853-UDXBW,0.35139813560938554,0.6486018643906144,1
1345,3533-UVMOM,0.967358792226237,0.03264120777376342,0
1346,0269-XFESX,0.9137848441547497,0.08621515584524969,0
1347,3428-XZMAZ,0.35139813560938554,0.6486018643906144,1
1348,6103-QCKFX,0.8328715691815922,0.16712843081840778,0
1349,9621-OUPYD,0.9137848441547497,0.08621515584524969,0
1350,9256-JTBNZ,0.7595355002400284,0.24046449975997125,0
1351,5299-RULOA,0.468464732467715,0.5315352675322849,1
1352,1465-VINDH,0.5300399214001742,0.4699600785998259,0
1353,6425-JWTDV,0.9617141653944199,0.03828583460558007,0
1354,6344-SFJVH,0.7998546087737007,0.20014539122629899,0
1355,0880-FVFWF,0.6107663077327444,0.3892336922672557,0
1356,5649-TJHOV,0.8091084920203351,0.19089150797966487,0
1357,4013-TLDHQ,0.5121708823800448,0.4878291176199551,0
1358,7515-LODFU,0.9655943704499217,0.03440562955007852,0
1359,2568-BRGYX,0.39216934900050426,0.6078306509994956,1
1360,7181-BQYBV,0.4134204407060893,0.5865795592939105,1
1361,3133-PZNSR,0.9302495109082902,0.06975048909170967,0
1362,2951-QOQTK,0.4911797352188287,0.5088202647811711,1
1363,8808-ELEHO,0.40968522486835873,0.5903147751316411,1
1364,2243-FNMMI,0.7998546087737007,0.20014539122629899,0
1365,6261-RCVNS,0.9128720069531648,0.08712799304683484,0
1366,1334-PDUKM,0.8197851030271295,0.1802148969728705,0
1367,9560-ARGQJ,0.434962845125732,0.5650371548742676,1
1368,9605-WGJVW,0.35139813560938554,0.6486018643906144,1
1369,2607-FBDFF,0.647702353238047,0.3522976467619532,0
1370,0114-RSRRW,0.7571002331144957,0.24289976688550385,0
1371,0310-SUCIN,0.9182355467805589,0.08176445321944113,0
1372,7622-FWGEW,0.9629752447494595,0.03702475525054101,0
1373,7881-EVUAD,0.5665560939870944,0.4334439060129056,0
1374,6979-TNDEU,0.7402110828010747,0.25978891719892483,0
1375,1625-JAIIY,0.7443201171757188,0.2556798828242808,0
1376,3082-VQXNH,0.6614189743026863,0.3385810256973135,0
1377,2150-OEGBV,0.9156336038736902,0.08436639612630932,0
1378,8292-TYSPY,0.7969093499935458,0.20309065000645382,0
1379,1266-NZYUI,0.9686888763027433,0.03131112369725703,0
1380,6848-YLDFR,0.9110841490490948,0.08891585095090497,0
1381,0326-VDYXE,0.7464291807338218,0.25357081926617786,0
1382,5073-WXOYN,0.7472829503805994,0.2527170496194001,0
1383,3055-MJDSB,0.7421657290320367,0.25783427096796285,0
1384,8625-AZYZY,0.5341870069701375,0.46581299302986245,0
1385,0019-EFAEP,0.9302495109082902,0.06975048909170967,0
1386,8039-EQPIM,0.967358792226237,0.03264120777376342,0
1387,0219-YTZUE,0.4911797352188287,0.5088202647811711,1
1388,3280-NMUVX,0.9115157417064463,0.08848425829355336,0
1389,2478-EEWWM,0.7458878934689271,0.2541121065310725,0
1390,1226-UDFZR,0.6549305627519751,0.34506943724802475,0
1391,2665-NPTGL,0.6399703341309477,0.3600296658690524,0
1392,9084-OAYKL,0.9623178088315453,0.03768219116845493,0
1393,4636-JGAAI,0.6433647743008872,0.3566352256991129,0
1394,0567-GGCAC,0.6399313643796394,0.3600686356203606,0
1395,3472-QPRCH,0.9616212000936281,0.03837879990637184,0
1396,9919-YLNNG,0.6433647743008872,0.3566352256991129,0
1397,6311-UEUME,0.5461141972738596,0.45388580272614043,0
1398,7252-NTGSS,0.647702353238047,0.3522976467619532,0
1399,8901-HJXTF,0.7595355002400284,0.24046449975997125,0
1400,2077-MPJQO,0.40206260054404985,0.59793739945595,1
1401,6229-UOLQL,0.9129478397738002,0.08705216022619996,0
1402,4737-AQCPU,0.9686888763027433,0.03131112369725703,0
1403,0895-LNKRC,0.8725297393295164,0.1274702606704835,0
1404,1731-TVIUK,0.39216934900050426,0.6078306509994956,1
1405,4628-WQCQQ,0.7382360641621475,0.26176393583785207,0
1406,5887-IKKYO,0.909814557522775,0.09018544247722511,0
1407,4931-TRZWN,0.6560253528316601,0.34397464716833986,0
1408,1396-QWFBJ,0.6377657627833802,0.3622342372166198,0
